customer_id,ews_flag
QG90109947,0
JP44607169,0
AB73272724,0
FH88820880,1
LM73737116,1
QU75758504,0
AF01071638,0
VQ00307396,0
JJ43010811,0
VV61209106,0
VI53660932,1
QL76722480,0
YH46615606,0
HE48491549,0
RN66592243,0
UA56358284,0
HQ58783137,0
VM89998957,0
KI64472634,0
PI82860238,0
TS48314454,0
FT99676403,0
PF57142337,0
EL76007758,1
RY84944940,0
PN36852384,0
LN18443920,0
UE47941002,1
JY63941605,0
SJ03516006,0
FZ87447876,0
YF66783912,0
NB85232565,0
JB33562768,0
PA29368556,0
EL97680867,0
AP75648775,0
HZ40268269,0
RL93000249,0
ME81508538,0
DQ39365002,0
MF54534997,0
KU93910192,0
WT11200733,0
OQ29939736,0
UG85807696,0
NJ16683074,0
KX15818609,0
PI69352409,0
FG02140462,0
FJ39821800,0
FB85983526,0
KI70838192,1
LM64838803,0
BC22951149,0
FQ21817540,1
NK59945748,0
GK23149789,0
EF23557001,0
GW11148407,0
CE81070728,0
HD33744347,0
PQ62948889,0
FP38891469,0
LI60607232,0
WD65084048,0
WW29262680,0
HM35477572,0
KA23908392,0
AJ89970485,0
HX49986161,0
AD11029342,0
NM85369474,0
FJ12901568,0
IQ59464998,0
QC10699850,0
DH66314010,0
JT17074276,0
GL23714045,1
CB74518144,1
RU95166034,1
RB85699037,1
UN48786511,0
BM50025433,0
RA99071527,0
TJ00106011,0
KL58470626,0
OU90499100,0
DD80351152,0
GG14471542,0
RL83905336,0
XK20824505,1
YC36803035,0
SK76076786,0
QI15250223,0
NO04994963,0
VL25006701,0
CW26507744,0
RL72190330,1
NN75787740,1
QE68049270,1
WK76911985,0
SL19242647,0
SN30667237,0
ZV09030524,0
LC00432289,0
VC07020753,0
ED40086396,0
RZ64709323,0
KG73447904,0
MJ04389943,0
GX82928989,0
UE99464857,0
YE95301507,0
MB05382308,0
TS70804547,0
FE48617544,0
SV33240846,0
OF92550101,0
XG55865743,0
JC15043440,1
HL44947642,0
AL59562440,0
TD55910598,0
TM30523852,0
IV28202977,1
XX99977727,0
QX81866887,0
DW44678810,0
SJ83615724,0
RR52476729,0
EH44669366,0
GK72567235,0
KZ10536351,0
KU69383570,0
EJ88329506,0
OV84563416,0
EM73068379,0
DR71165973,0
VJ99160296,0
SL45895833,0
AG09250219,1
VL65323020,1
RD66844928,0
NX67838651,1
KW93141520,0
CU71397597,0
XL90566562,0
OK60896977,0
YQ67853343,0
TO17323442,1
LG99365929,0
LG63949149,1
WF84945718,0
ID82206669,0
CW08267447,0
IB45814632,0
PW46487370,1
VK20827313,0
NA22028728,0
LU48802662,0
VU24875959,0
VV22663394,0
GZ31021526,0
RS37543745,0
ML31791692,1
DQ38670146,0
FY03665007,0
LP45711478,0
YZ93963796,0
KI06964805,0
GK66562561,0
XR56856633,0
YL02317232,0
WR94011196,0
FQ99031016,0
QY92601405,0
VF07192925,1
FP75656133,0
WQ33572680,0
VJ57802323,0
DU53683589,0
KK44998335,0
KA72752066,0
UP20660092,0
HX53484377,1
WV18876455,1
GG53778235,0
BA64027113,0
HT26942503,0
WU71025315,1
OW19244182,0
ZK12238594,1
BH45981456,0
PT37203204,1
DV81253153,0
VJ55440200,0
QS90831288,0
SN69395417,0
LH36705627,0
GE74173773,1
MF30907791,0
RC88346758,0
EE30809917,0
RW34881684,0
HX40511475,1
OP02506480,1
HE56569186,1
YB95178963,0
PT83270300,0
LG75731341,0
IB10140926,0
XJ15284693,0
SW62205650,0
OD25637795,0
BL82827615,0
QN26435011,0
JW79234210,0
XS76164759,0
NG83843079,0
BP95731757,1
HR83518582,1
OC54550384,0
GL06382418,0
FU09288565,1
AQ27194891,0
BI33899825,0
CI58991303,1
XL14259430,0
ZA89779171,1
WK66123573,0
QP64010333,0
ZQ78603223,1
RY42456058,0
MI81970898,1
TM40700886,0
WW36727209,0
TK63152182,0
CT55101563,0
ZZ94136126,0
JS19502913,0
AZ50710274,0
YU53914099,1
ZY02228336,0
DU23039123,0
UM94053381,0
RB03992711,0
QA70516393,0
XS92168855,0
XW45427153,0
CD93404084,1
AY64616722,0
BD52139131,1
IO95364522,0
CG90373825,0
DZ93769024,0
UM26271764,0
OH67402598,0
OW36790679,0
NA37832591,0
LJ43180605,1
GF50286911,1
BE21238200,0
DW34798098,0
LE64036193,0
FH25773107,0
EP71890587,1
DD16946088,0
GA42358291,0
PX58896017,0
MH29044408,0
ET75212843,0
DI87965723,0
RE35552600,0
SF15913023,1
KA18899400,0
BB62931382,0
QJ97416209,1
RH14870774,0
UJ30924496,0
YV08539296,1
XU22442176,0
DM37651808,0
NY45627244,0
ET13958118,0
FT44897438,1
QK71628922,0
BB13664175,0
CV04279827,0
IC48746312,0
HI72318069,0
OV31551716,0
EC70120904,1
EE71046223,0
JH86321671,0
QV68330124,0
UI08762595,0
TF51877780,0
TT87879825,0
FM16123482,0
XO26953332,0
LH06052771,0
ZG38514666,0
SD68554327,1
BG70567115,1
CV45512099,0
NW16370079,1
SR05966026,0
PX05070717,0
BP26822073,0
QI84454282,1
JV71198268,0
UR66620711,0
HB16523294,0
LO57267555,0
EC86521479,0
YM43987593,0
NT31804232,0
PO37150244,0
FC49150048,0
RP68774840,0
ZA43765986,0
TY78058229,0
MD44268571,0
IH49072961,0
JH54825228,0
AU11883387,0
MV66962593,0
WS68652771,0
HF05904782,0
UZ64929621,0
JO99981590,0
VP42420181,0
LJ54644483,0
RE21546381,0
GU50410182,0
GO15847400,0
HU52565943,1
TO52932010,0
QD64711157,1
CA32526808,0
VK18917538,0
HK99016887,1
YI16663447,0
AC92071604,0
SQ38200004,0
FD36408758,0
RG82514520,0
CO57525688,0
VT98640632,0
WN09737351,0
WL45640610,1
OF55077640,0
EW03540798,0
BX51907269,1
ME11583278,0
HY15413972,0
NR93870883,0
CN09767630,0
OG15653586,0
HU88711103,0
IK40863023,0
ZV49703862,1
FO33263338,0
DZ87505335,0
ZU78223295,0
RA85314618,0
JZ18091110,0
OO09023934,1
AO92844604,0
JV76875208,0
SS07992530,0
HU21526213,1
VJ85269369,0
DM46718700,0
TJ45747318,0
NS26637313,0
DH58266984,1
RF43272241,1
VO50935351,0
XU42251626,0
RV19115326,0
LS84209489,0
VD43844925,0
CE86965174,0
DN89553703,1
ES28734029,0
TP86902076,0
JA66495612,0
EU66533975,1
GP84729792,0
GF10584815,0
SX60797291,0
SG91592425,0
TR18481872,0
AF52524716,0
TI94894203,0
GP34151294,0
NH49146128,0
DY41933061,0
BP77338145,0
RO21527349,0
KB02901468,0
XC98112225,0
UE72910880,0
IJ62201180,0
XC57128033,0
GO45218862,0
RL61380602,0
IO34422727,1
NS71055716,0
TV23552046,0
NU41634377,0
YH64454349,0
UR96977360,0
XS02260926,0
KW15401311,0
EU89241286,1
IE84498306,0
QE90435447,0
QX87659190,0
EQ74857323,0
ZZ69094528,0
TX88273938,0
UO20461263,0
RR11342011,0
IL71162003,0
LD55143386,0
IR45457495,1
WX91109114,1
YR14793946,1
SC67259080,0
MN38408807,0
LL87875527,1
QJ37455462,0
ZC21094987,1
IL85117332,1
GW94946389,0
PS77520672,0
NF13794980,0
FF02349252,0
MP28214576,0
JU01188580,0
DV79158700,0
YM91129006,0
ZZ07870545,0
PR41805008,0
GP18445077,0
QB72033903,1
MJ05732833,0
VY68542036,0
FX65513996,0
SC74394212,0
XX47565100,0
IN33569549,1
CQ00110490,1
CQ77017673,0
FS00658308,0
MT17041833,1
AD16595414,1
AG60264993,0
HF59539588,0
JI65574379,0
YO16568201,0
HL52722853,1
GS18350307,0
CC02458776,0
YO07261806,0
CP64930130,1
UZ21813966,0
TR44536013,0
ET10225898,0
RC87729021,0
IE00767216,0
NP00630912,1
YD11487680,1
XM23316090,0
WN93677501,0
PQ83390900,0
BW45826535,0
FM95391181,1
FE38285310,0
LE31101307,0
GH47334018,0
RA77879846,0
EP12891928,0
BQ77972274,0
TH00421402,0
RT10952922,0
XJ79984229,1
KU86675433,1
BY35903750,0
ZH73796730,0
RA18791835,0
WH36094042,0
TB20334966,0
HN85407714,1
OV61168729,0
FQ68784001,1
MN45836898,0
MP47197204,0
DQ72528255,1
BT78392029,1
DT72737055,0
NZ21799093,0
HC78332163,0
DJ26676117,1
BH85748307,0
AP31458769,0
BC10006726,0
AJ33726739,1
DO93911060,0
LM56008160,0
CJ07270699,0
PT32467069,0
FO55796329,1
AV57995790,0
JY27934681,0
RL52234654,0
WL59138683,0
DD47317275,1
XB91640041,0
HW56690786,0
BL97911816,0
RT99750902,0
HS90384400,1
LT86469029,0
ED94595487,1
UV68262755,0
LO18768213,0
QD84437097,0
IZ68555521,0
WZ86749679,0
AK43592007,0
RN14564528,0
XX06477812,0
YG54072491,0
GQ91890576,0
EH11681239,0
NP36633857,1
TN45959645,1
KF54424503,1
NR54464012,0
VY72671114,1
KO99634353,0
IP57469287,0
UO49643241,1
IU29196118,0
YQ92162714,0
UQ87844490,0
GR46744424,0
UX09328365,0
VI45177465,0
NY93597582,0
KF18032508,0
MK39027939,0
AN74699366,0
SV63593259,0
OW44772316,0
TS25639727,1
XW44483698,0
TI13995365,0
CF13335758,1
QJ95438959,1
OG80627568,0
OG52140812,1
TN43821973,0
VV82751244,0
SE96654884,0
HA30846913,0
QT47954123,0
JN41789955,0
NC86771954,1
FD93776009,0
WW94472726,0
IT22999961,0
EJ86045652,0
ZD20241738,0
WG87665322,0
IX65097890,0
HG79582823,0
QX25556744,1
RV01427647,1
YU91237252,0
CK33958163,0
IH25649263,1
IA07561353,0
HW68850657,0
NJ36103565,1
WY08742972,0
LX22995723,0
GS57305258,1
IB12215835,1
GT90694394,0
VG23887308,0
QR67864108,0
WV01382300,0
RU14599140,0
IL74090237,1
DL11695897,0
LZ40338581,0
BI02884693,0
ZR48062312,0
CB01853928,1
JU78453154,0
OT25117746,0
OS24880272,0
TN69443625,0
PW35728693,0
YB14360453,0
VN52960780,0
TW92217606,0
QQ76138833,0
PV95462517,1
GG72824000,0
LO36925342,0
QX55961359,0
JB24618274,0
RS42404951,0
PR10366323,0
CC93593559,0
RX16773716,0
FR71999035,0
NU98216549,0
YQ94632077,0
LN50144926,0
BN87254451,0
LG12600226,0
SL82356023,0
UQ40917959,0
BG50674777,0
VE11459308,0
SI49928474,0
EG34128314,0
PW64378824,1
PU41552793,1
LE68785042,0
DE00306856,1
GD69432543,0
BU91949648,1
LQ51772535,0
EQ90887391,0
RT87844153,0
KB05501978,0
KE79973746,0
QS46510785,0
TH82493517,0
TK61561810,0
IV28981842,1
QF41379296,0
PY85307499,0
UK66798104,0
VH35623522,0
ZL97472038,1
PB99575546,1
AK86603753,0
FJ37250124,0
KZ44931339,1
KE32432194,0
AZ12798594,0
OI01275555,0
XF31281698,0
QP49130091,0
FT30948078,0
FX82411496,0
YS16144222,0
RD02529717,1
OA17634928,0
EA43747878,0
RS61129327,0
CS75865386,0
WT03557457,0
VK02417526,0
US19659867,0
AB29369370,0
OH81014768,0
YK29184085,0
TA43369153,0
AG74184911,1
GF17223545,0
UI45086135,0
GK27448032,0
NX08611121,1
RE80142226,1
WF40237658,1
GJ75186273,0
AI83454552,1
WT53880032,0
TZ14285970,0
LZ87528694,0
MU39593374,0
DO08667567,1
DJ98180699,0
JR29105501,0
MF89011172,0
MU75186169,0
HI51674871,0
TB08210856,0
OZ09445648,0
KP82532919,0
WO81146779,0
JT32638316,0
RF43616399,0
WL16194895,0
AR93204156,0
ZI87463067,0
MY68552462,1
DE09344645,0
WQ36773084,0
WR12167896,1
UL38536833,0
YR82111883,0
KO71528025,0
KX91474765,0
UX16773617,0
RQ25282789,0
BC47925913,0
GM83939908,0
YJ20132953,0
NS51199996,0
XR56867721,0
AI86927800,0
YR62228231,0
OM88541347,0
YZ88569524,0
HF24483862,0
PC68626135,0
GG22539953,0
CL43401171,0
QV40160412,0
RH83500295,1
DG59469576,0
PK16949047,0
LE15757982,0
WT40909870,0
KZ61698051,0
TU64124737,1
OC67363524,0
AU96164907,0
BO99644585,1
FD34833080,0
RT41030304,0
HW71564334,0
FE57651645,0
OR92793481,0
FH74621105,0
AK46469877,0
JJ02792417,1
KB04801361,0
OR24421242,0
WV77218964,0
AR38160936,0
YY85575542,1
XV46916905,0
LS38755668,0
TJ47351074,0
OC37543748,0
TA31734128,0
TI67872196,0
WU20618924,1
QM06236180,0
EX21949454,0
DL45795285,0
CR07490764,0
TX14568553,1
QB04449173,0
QI72728245,0
ET82777251,0
PN77845757,1
FZ33503376,0
IU35317949,1
IY91123300,0
GV44324138,0
LK66014753,0
JJ13006787,1
VF82671359,0
FW77442356,0
TG83641547,1
HM48525901,0
KJ93915482,1
HU70034302,0
OH40210943,0
PZ57291406,1
AG10267061,0
NB37158946,0
VB48647931,0
JY32578904,0
QK37375018,0
WL88683635,0
QG45795145,0
LB34511470,0
SZ54375880,1
JU31650088,0
CF66579780,0
NO50666340,0
HU98342948,0
XP21264043,0
DV17328411,0
NB68133620,1
KC75745502,0
GR15411325,0
YO31786253,0
FI66705856,0
GV45214309,0
IB77922728,1
NY74076372,0
GL41192486,1
XN46553327,0
YU20766229,1
KU66009793,0
OK60901889,0
PS97420263,0
IE73153114,0
HZ63314049,0
XL72637346,0
HM70980882,0
SF27071908,1
GQ24091025,1
BO11750581,0
SQ91370054,1
RG75010428,0
AW24648529,0
SD57963953,0
LD52764642,0
RH29735031,0
QF14076359,0
ML87151798,1
OI01739804,0
CT06141684,1
XQ11127764,0
XB52382066,0
JG97049960,0
UC04168122,1
LP40056316,1
DP09712359,0
LL42010924,0
LY03280643,1
YJ45190771,0
ML46551080,1
ZL40868376,1
AE27840428,0
LS73034245,0
RZ57314435,0
IN45520534,1
KM42883783,0
CG10314263,0
SE22768642,1
KX40464595,0
HW86787707,0
QM43115302,1
IT38965105,0
LU74769885,0
SC91890531,0
QN14527127,0
AQ47577190,0
QB56685782,0
FW37042092,0
MN14061168,0
JF14531226,1
RK75158655,0
RN69000858,0
XH85959699,0
WQ27473253,0
OH32846981,0
SP39171616,0
OS37396304,0
XM42966445,0
II32792585,0
KA56598747,1
QQ48972757,0
UM04324895,0
OI75723484,1
KW54228697,0
BF85543190,0
XT74577853,0
XZ00514412,0
VY22971365,0
LG32251678,0
EE09360378,0
BU58837911,0
RF56266528,0
VL77768403,0
ZS43962200,1
ZI46454067,0
QS46276510,1
UX37705700,1
MX39237954,0
OU70989542,0
GT50877605,0
DC79407771,0
GF28984041,0
ZF29701478,0
JR72744929,0
JG23224313,1
TO74824636,0
QI55937614,0
UZ35962979,0
QF03091243,0
AZ02983290,0
KS48832630,0
OF07549860,0
UK04574381,0
BY88819254,0
ES78353622,0
XE65848226,1
WM32291624,1
UI93673581,1
QJ29137024,0
BS08132485,0
FZ11435416,0
VZ23616990,0
NM47074472,1
HJ61952749,0
PZ79246332,0
TC29069942,0
HO52084667,1
UF78728298,0
ZZ09476304,0
QQ15450234,1
GE80468291,0
LU26559515,0
QR48970597,0
WW21257797,0
GY19332149,0
TB16236755,0
VJ49042801,0
VR19420731,1
PV31623174,0
QA20123824,0
GE79925697,0
KJ98498041,1
UX61446130,0
JY99229209,0
GJ43946549,0
GW01347846,0
QV28253944,0
IV94837531,0
EL71142041,0
VR66566099,0
CD19610061,1
BA15558489,0
YT83562921,0
HN41115091,1
ZF32069917,0
QK47293523,0
JQ18788893,0
XC60807574,1
LY40563524,0
CV23193905,0
YO75903015,0
PE88920854,0
FV85168530,0
IY38999288,1
GS88060494,0
OU20515459,0
QX76368086,1
GQ66069214,0
KZ81779627,0
UN39544580,0
HT38265604,0
BE80042638,0
WE86802782,0
NF62799783,1
FU93249883,0
YU25826523,0
HS71871331,1
NS06356560,1
QK67631663,0
UW28763060,0
VV75123548,1
VV09456793,0
BM58375495,0
EI69745608,0
TV27254856,0
OY92304957,1
RW65007058,0
NX98466882,0
OF92177909,0
SJ97295036,0
CD28173447,0
YK75117457,0
ZK22019527,0
CD48609035,1
IM10767989,0
VS16430095,0
UJ71464542,1
QE23683389,0
RY38548584,0
FF71035508,1
NC37680698,0
RV31877331,0
AB05047801,0
YH88022174,0
HQ53580370,1
PZ74824070,0
PO75812557,0
IL76660265,1
HF49397172,0
BP71982887,0
NV63145579,0
EY68901977,0
GR23130910,0
UJ84412099,0
TM00429151,0
KD03765701,0
LC39853245,0
RJ24545739,0
NG54957921,0
TC04436378,0
UW85938844,1
GG97160004,0
BL23503059,0
NC78987075,1
TZ72517075,0
XE15220504,0
VW95315119,0
HN75941372,1
ZT92494414,0
HT20341149,0
OL95334490,1
ME90058564,0
QB19246582,1
NE12141388,1
CA21195230,0
VP05513984,0
JB68956529,0
TZ77441018,0
YD04226750,0
OU99832055,0
NP33239300,0
CW64303241,0
LR34283126,0
DW25374948,0
DM36218306,0
IO19527416,0
FX95220320,0
ZS80933934,0
KL51254375,0
RG82752989,0
BI85685536,0
ZM77994930,0
BP01311659,0
LB69098602,0
DC49180251,0
XP07540961,0
VJ71217075,0
RY33439193,0
YB30384268,0
LH71102053,1
BP10182100,0
PO53094793,0
LX49983573,0
TP65083692,0
RJ77925613,0
SD90118598,1
MN04423851,0
NE33911473,0
AV85408182,0
II90538128,0
TY19981241,0
LO30659977,0
SC99207452,0
CO67716225,0
EU79046329,0
CU56374592,0
JW55269575,0
OI99191166,0
LJ34308119,0
FZ97657424,0
HV05483249,0
JT96042436,0
YZ03787515,0
HL41263544,1
FO88502732,0
KZ00825704,1
RZ35758011,0
VI26038215,1
CZ40479564,0
YA61989512,0
YC86906283,0
VF47531361,0
PU37554119,0
DR71253212,0
GZ93172773,1
KL75317979,0
RY53792481,0
KA61453004,1
AG17602023,0
IX57821380,0
HD69609734,0
SW93063832,1
SC69991378,1
KY57247212,0
TW41482605,0
KK46802676,0
FW14162074,0
PI56106958,0
LE62591290,0
XU28111271,0
OD31790583,0
LV64664491,0
NR20797836,0
DO65696390,0
MZ80466032,1
FI18213471,0
ST49708198,0
WU85174999,0
KR73002356,0
AR41705503,1
YH00153810,1
FH55533630,1
JJ65718853,1
WW79492003,0
VY76640532,0
KE78144823,0
NZ75095171,0
GO09464568,0
FQ41741925,0
TL12797481,0
SG80636286,1
SR02164693,0
OO36155663,1
IX10223045,0
FG09501739,0
HJ77271913,0
ZJ75627316,0
GB66039189,1
DM45091905,0
KG68134859,1
XT27563306,0
IF18484905,1
NP81953861,0
UU65829720,0
SC80943922,0
XM51073584,0
HA84276034,0
AK85026581,0
NG84049620,1
QX41281086,0
JQ34338460,1
JO39886587,0
CH12352387,0
GM85657284,0
QX18111663,0
WE05065958,0
JV32533367,0
VJ35039899,0
GP77622266,1
YR02600579,0
RG64585095,1
HK86073265,1
TB51393154,0
ZB11913707,1
FU70870431,0
HL78504409,0
KM57843981,0
FI57438501,0
ZX35259275,0
KU57923400,0
WK51385878,0
HD54121989,1
YS55831494,0
HC37800519,0
CY60626285,0
GP36742838,0
LV63011049,0
WW38075874,0
TB48630759,0
JL96439449,0
UZ18414586,1
CK73074878,0
EY75239288,0
FW19310283,0
HV63272104,0
UX69232233,0
LO24886152,0
VB36820540,1
JW58746964,0
RZ06141451,1
IX23175943,0
ZF54229030,0
KF73273519,0
RB87243782,0
MM43080631,1
LF23934577,0
BG41747312,1
KD74560139,0
QC77498500,0
NC72774889,0
SR94427559,1
SL64722582,0
ZV38211379,0
FS53852329,0
PN75061966,0
RE24534876,0
VH92677261,0
JO83215673,0
SC68117082,0
PP27454865,1
EE09341285,0
UK56318344,0
FQ64581698,0
DB44363260,0
WH41820198,0
KO02655340,0
XJ10737113,0
CB98251501,0
HU53749703,0
ZU19204381,0
GR81515684,0
YL26893417,0
UQ41570811,0
WS65741828,0
FC55476163,1
ZR70502820,0
SY27058757,0
JG07262655,0
YX38432726,1
PR64560997,0
VL89495724,0
ZJ56612879,0
VZ55623573,0
HJ51959257,1
UY14990486,0
HT00580333,0
ZD82296990,0
FY52055985,0
KM75465871,0
IW60295922,0
RO72187013,1
AD91866459,0
MC03425793,0
ND92318583,0
RR46661147,0
MK17138051,1
QR82961716,0
LU65455721,0
TY88224809,0
MN13074730,0
ZH89679332,0
OH94725777,0
EX93987519,0
KD29417909,0
UL10455338,0
ES96036993,1
LD44675531,0
NP28711244,0
IW61553848,0
ZL26026648,0
UG20051398,0
OF52702611,1
TV54550375,0
IH32290701,0
VY66776513,0
SE17094440,0
VF88605385,1
WC64008768,0
JU36994611,0
UD05048760,0
VK42711033,0
SV43004265,0
OJ09041575,0
NO27845158,1
RZ70999752,0
KS40936777,0
WU05126114,0
OK57539770,1
DV37541667,0
DU68765229,1
PE44598331,0
HD96524487,0
TM38181756,1
RE65107120,0
RQ09088906,0
DW27252093,1
FU60389910,0
VN69337803,0
GI40295920,0
NC35848205,0
NM86395834,0
BR83537767,0
AM22241043,0
CR38275018,1
SO40092400,0
IL36278555,0
LS58969886,0
XY08381124,1
MZ67597759,0
UT42210680,0
MF41686920,0
FJ27245834,0
VU07138260,0
SI44714653,0
DT63205929,0
WY61370912,0
BW21006269,0
RQ64499881,0
GD20567141,0
TA36251777,1
DR47035323,0
VE01310751,0
WT99255235,0
BR18602635,0
KG37691540,0
RS36505710,0
EC03978279,1
SR78376725,0
OY85125136,0
CG56616019,0
VI59178667,1
KP28242491,0
LR51657111,0
XR23066774,0
KI77247657,0
EH14806334,1
ZO99627403,0
YD71660976,1
WB06594853,0
ZC64476415,0
KT71639259,0
RX50398136,1
TG86934875,0
WT97676694,0
QX49751155,0
WN24000082,0
QN82502045,0
MT22716202,0
QN01931621,0
RH12346975,0
XK98584129,0
ZX64485676,0
VJ25882464,1
WE03366089,0
IM55792565,0
YW24202287,0
DS11317858,0
FB16660895,0
PD18460594,0
OO96806110,1
LM12395553,0
TK04914471,0
GN96808611,0
GQ08194425,0
QL62613731,1
VR99454104,0
WO09796088,0
NH46689052,0
EU52895130,0
CJ69041187,0
WR52599104,0
FD22627088,0
HL22414002,0
MM13823242,0
QE75465775,1
IW87089282,0
BX80563014,0
DW67615328,0
NX12836878,1
GV29435696,0
VE19672427,0
YP37525396,0
RU16627930,0
PY92420363,1
WW27392227,0
PP82974540,0
BT30619374,0
SS42947299,0
OU25980182,0
QT98640385,1
BI90676994,0
SW69815319,0
FJ13660930,0
NM25013816,1
CD31786164,0
GO29257084,1
WR05257478,0
RN37954178,0
IX32537366,0
RP13402411,1
JM21939037,1
CE62219224,0
UK65904940,0
AF33661277,0
IQ43588268,0
UQ03030602,0
LM16297256,1
YA93572625,0
YI47074990,1
TI24455591,0
ZV55319234,0
YA16995811,0
WD09512354,0
XH72407176,0
TX43640420,0
CI19526480,0
UG53639922,0
XK58747986,0
CU96512391,1
VU04255312,0
HD35844122,0
TV37508623,0
SF42031596,0
EN84831655,0
WL53435965,0
GQ89208474,0
WY08836280,0
RB58125702,0
GJ95737881,0
QN96194541,0
CU68146028,0
NX80652586,0
MS22917406,0
KN39735073,0
VW97237025,0
IP59195425,1
EN71060553,0
ZK27080308,0
RN92684351,1
MC97254714,0
UY82806576,0
SD72752638,0
DW65843243,0
IN38997404,0
HI15801760,0
JE57714099,0
WJ52794066,0
PL93488632,1
UO66261613,0
FA30292505,0
JW44626941,1
SN37567058,0
IB15073047,0
BV10234993,0
FP59174790,0
BR35030066,1
JW69042061,0
IM05727511,0
YY27768111,0
TI43890090,0
TO96716079,0
SU09944969,0
QA39343199,1
IE57871364,1
XC56301877,0
RN02866980,0
QD31958970,0
LM40208487,0
MA69455273,0
LC67967653,0
AP67960556,1
OP82518621,0
ZT84586764,0
UI44645687,0
GV62435204,0
XO31576814,0
SO07239353,0
SV61245236,0
FN24386724,0
GP80022017,0
QY90381707,0
DR27436698,1
GG30686477,0
FK02988212,0
WT56787777,1
MV51908813,1
OC65906987,0
AI22134547,0
WC37102913,0
TC91443011,0
PB76798436,0
ZG42684025,1
IS26179450,1
WW64272873,0
EJ44372748,0
QH55037209,0
LL51506592,0
AQ88937062,0
PN29089778,0
YM53987281,0
DD07072178,0
GI68944891,0
ZB32754819,1
VT20916449,1
CV98023190,1
UC05500008,0
JI66120793,1
TA27178864,0
FA51610267,0
SO61776472,0
GR79130183,1
UI80013803,0
NC58323614,1
VZ33221339,0
SL82261339,0
LV39832578,1
NC68312091,0
ZF31530950,0
BJ21668967,0
QZ72420000,0
KE67902157,0
SI82710820,1
RF98383374,0
JN65550097,0
TU89513858,0
NP46716029,0
NT96477183,0
WI31950698,0
WQ28939364,0
KZ17487365,0
TM55663330,1
PH67891743,0
QP41045222,1
KV42517163,1
TY35839127,1
CX15884995,0
IE49139152,0
ZM12435083,0
YW15885868,0
MR29771387,0
UK47656020,0
SI50007252,1
RQ03112626,0
KG13520243,1
KG93114200,0
HM47686056,0
AE46751673,0
XP16709861,0
GB25325458,0
QD44453212,0
DJ26290502,0
UQ29850594,0
AI89408819,0
NB21109064,0
ZT63603241,0
MZ66114951,0
GC37194104,0
UJ16639226,0
TC36397283,0
LU12110351,1
FE94593471,0
EC96958780,0
PE40799266,0
TF67349649,0
RT55116886,0
BV03175531,0
EW31982187,0
YX69604131,1
KG60413195,0
VJ56039643,1
IW40987184,0
EP22691857,0
SX67827050,0
TZ03113684,0
AI26441457,0
AP30068567,1
GA11860547,0
WL02310230,1
GT38016103,0
II93518845,0
OI16557074,0
NH08855746,1
MZ69323288,0
BM98497091,0
FL95999710,0
AP82361261,0
HU47899415,0
DT55657147,0
LR92528607,0
LD34607558,1
XI30093985,0
QI60581504,0
YP56843109,0
RZ01328949,0
QK22258338,0
EH91057554,0
LW98901859,0
DW46199179,0
ER03999208,0
OQ46261915,0
LR62963959,0
AG26603542,1
UQ94944772,0
KW92322762,0
WK13960736,0
VK19002858,0
NG90860739,0
OQ52928161,0
JZ85040859,1
YN61500734,0
BR51175905,1
DL62672480,0
VF00710495,0
KW38293336,0
JE28738259,0
DU72577072,0
PI16697514,0
WR02322669,1
OO16552767,0
KN12733821,1
EG25629305,1
EG71374909,0
HX83129924,0
XU70476675,0
OP41987672,0
CL75385991,1
JQ38947355,0
JI33048170,0
VW29830839,1
YX56327165,0
VJ26358114,1
FA38622962,0
BY69238980,1
RD23073889,0
AN00147019,0
EZ41668919,1
JH32319230,0
JH87123516,0
KV33136231,0
EV83744135,1
UO95420898,0
UK59664783,0
UN93129854,0
ZV93593536,1
LG84644783,0
VJ21243972,0
OR47920764,0
UE52958567,0
SV56260692,0
HB52538270,0
GB78008112,0
WP47869496,1
QI53970740,0
IJ50510028,0
OA35994671,0
RO53268063,0
ZR93533470,1
UB83771236,1
HK05751229,0
WM05198151,1
GI30433513,0
VP89601549,1
OR98953645,0
UR54599252,0
RM95974693,0
WV07240081,0
AH89426240,0
VF47505701,0
BG47415508,0
CT36950482,0
ML42032762,0
GQ49509832,0
DO46149001,1
WR84236656,1
SH59223338,0
YW81453847,1
EL97449519,0
LU44626480,0
ZP75485314,1
NC18760304,1
RL23709126,0
OV10340253,0
JR26787982,0
OJ33254958,0
RR88885640,0
YY74882367,0
BF07442556,0
TP59368785,1
UZ36860973,0
DG39898141,0
HU64027719,1
QO58211101,0
QW58944356,0
UY20467969,0
CG80615971,0
FM13301836,0
SA59690702,0
UZ98815001,0
ZB40564632,0
KL98473576,0
FO61798063,0
UJ80547960,0
FR83788647,0
TG49435916,1
US05236532,0
FP14327845,0
KG14537683,0
PJ33177750,0
FZ49793195,1
UQ20353988,0
PV51453022,0
GE06298462,0
RG08958384,0
PQ65417918,0
ER95127400,0
BV53762503,0
ER00508545,0
XV68366291,0
UH87541088,1
US64333797,0
JN03730359,0
RZ76535313,1
ST81961067,1
ZD16499255,0
WA03383184,0
XM65100870,0
IM91796882,1
SP43108106,0
IA87353709,0
EF83548399,0
DL66913779,1
GY49849196,0
HI58332187,0
CE33326554,0
AX43521336,0
FK78034424,0
HF57156481,0
MV20500325,0
CY33581989,0
AX60092760,0
JE00632434,0
YD40456249,0
ER45454462,0
ME81783466,1
HX51565631,1
BM45483618,0
BH55854812,1
UG17930641,0
VK98483045,0
QJ19070849,1
ZO46951773,0
TZ07036161,0
WT35842269,0
BQ43218354,1
UT25229025,0
ON13035439,0
OL12008171,0
LW70826556,0
DM32571305,0
HJ82793059,0
ME28856120,0
WI50331327,0
DS49461718,0
AN77050448,0
WY13750793,0
IH91277875,0
WK60594308,0
GL91836019,1
PK64582344,0
YC81879849,0
KT29082192,0
QL39912166,0
ZM08324200,0
QO16546614,0
QA24044329,0
TX16190080,0
HR39544267,0
KK92595190,1
TV78479921,0
BR65112368,0
IW35615853,0
MC90729334,0
VB82070437,0
GS89988552,0
XO34778625,0
SA58136490,0
BH07512495,0
BK04617771,0
YX48258002,0
WP39176165,0
GY72468378,0
AH37979759,0
NC88639307,1
KE57095591,0
ZK11230919,1
CS31737931,0
JX62638781,0
WG99493483,1
AL39910059,0
HH04518500,0
YL99318045,0
EI38661062,0
JU41339319,0
WV44471634,0
TI79530203,0
NU71504334,0
DS01210984,0
YQ73021503,0
MG46685264,1
WM90748316,1
EI70052190,1
LZ03847006,1
WT85759040,0
XB26110762,0
NQ10351853,0
VM55771798,0
UZ51203006,0
WN52411389,0
YR48553713,0
LE46397664,0
UY50129808,0
JY02354106,0
OC41154181,0
AV26408481,1
KU94059899,1
UX75574575,0
OZ16765911,0
TT80825811,0
FZ54011433,0
CS90340352,0
FP14847592,0
EO51088720,0
DA63172779,0
LC99694131,0
PW07450284,0
XJ13075525,0
VK72549012,1
NT08287272,0
LB88492412,0
AQ88572669,0
JG18649260,0
HJ69063220,0
AU70040912,1
JI48420118,0
IA69084175,0
HG44867855,0
XH59974627,0
WC62776525,0
AS74499578,0
UX00683629,1
YE72030055,1
IQ58703512,0
WL35653831,1
YB80287899,1
GX72243992,1
TJ38835034,0
WX51730996,0
ZS36900017,1
KG57314759,0
FT14480366,1
QS34320264,1
OG20089899,0
JD45392702,0
BI97567754,0
OH38774033,0
DN78852782,0
JU95383045,1
RQ24690132,1
GO28233667,0
LY10990732,0
VU62039825,0
HW06111176,0
DI59872551,0
DG56715380,0
VI87396985,0
WZ81235372,0
RM07383694,0
PW20091166,0
QT37195989,0
TG94813522,0
VF98975936,0
YK20473692,0
XZ32025098,1
OG23040766,0
EX87555440,0
LW40250060,0
RM19965849,0
YO44073889,0
FY96654103,1
MA37139242,0
EY51576317,1
CN90837129,0
EV23766810,1
XZ79848477,0
GN65363200,0
CN79937912,0
BD99023998,0
RA80898505,0
JX80788114,1
DA43314709,0
GL39868590,0
NM23683759,0
GQ78583798,0
OZ69853420,0
LB49310261,0
UR46441723,0
CS36674760,0
AL50811075,0
TK32148566,0
RW65201259,0
SF96973526,1
JK33377578,0
HP45763223,1
NW86490779,0
MZ11588278,0
ZR07373630,0
VK48638674,0
SY66424455,1
UB41743693,0
CM93523436,0
NM14659103,1
EQ22727157,0
CI11860940,0
MW04870157,0
RK61217674,0
BO99143025,0
SM70300344,0
CB67046414,0
WW12132000,0
XD94223572,1
NC74012402,1
KT76153739,0
IV96412314,0
WL24750129,0
WD01314940,0
BI21934766,1
QX57550445,0
SW99587862,0
UU15970925,0
PS97151395,0
AD40669064,0
EW97185045,0
VD36026263,0
AB98906516,0
GL72814821,0
FQ88467033,0
PJ69630650,0
HB05677359,0
KS45569898,0
JJ65464279,0
DK81801523,0
UR34344204,0
PX72129616,0
AO98434342,0
MJ79860811,0
QC50982659,0
ZI27540217,0
WN72594806,0
NO82031409,0
EW59128178,0
QX29813432,1
YU79045394,0
SF27393661,0
RE80383386,0
YF33950257,0
MQ62888912,0
BO51105855,0
KM97862607,0
DA78242769,1
RX46050356,0
LW20036481,1
QB01057959,0
KJ22972985,0
ET06513023,0
EX21284300,0
KG45014482,0
TB26508231,0
TL28663878,0
SN56728276,0
WP29033835,1
SU98816893,0
OV63232397,1
BU04362801,0
YF60876731,0
EI15711676,1
DH78168808,0
PZ39132331,0
OY67142868,0
YF30560980,0
PS14699701,1
VT39063720,1
DN35688228,0
BG76492701,1
HR80180735,0
HI48353332,0
SU59695669,0
LL82472575,0
JY98452831,0
MY04694256,1
CY26403605,1
KP39771130,1
YB51279634,0
LE77898320,0
LD59544333,1
ZL76891927,0
SQ39088540,0
MC00764293,1
CN99942648,0
EG75636326,0
PV43844074,0
OT13436908,0
JH21390970,1
QE49365552,0
LM80453146,0
FX66482741,1
NP19222494,0
HU60650122,0
NK70686301,0
QO86895528,0
PE67213143,0
RE24197054,0
KE72558041,1
LB56477406,0
TH69648417,0
CS25457450,0
NG02020803,0
FF21000491,0
FS10754229,0
FZ26898464,0
MH72826363,0
UB63505782,0
QX20734186,0
DN32760031,0
SL87645758,0
LN10979447,0
JC81801271,0
OP36279934,1
SP07216411,1
BM94821956,0
BZ94214252,1
AJ21483383,0
LO36460900,0
WO48451081,0
UU50756933,0
OQ00508986,1
TQ42448940,0
LU56455617,0
PS53336755,0
BP85761907,0
IU95646012,0
XB24520890,0
UY98740097,0
ES52905038,1
ML07197786,1
KT26335544,1
BO19829129,0
CL83017438,0
WJ50131154,0
YJ01853455,0
MA97358520,0
GY49026819,1
EU49111477,0
VE85911227,0
QS15921740,0
NK16925812,1
GE61094486,0
IA24791239,0
KM18076846,0
ZH96433853,0
HH38645991,0
MV96126311,0
QH88622216,0
BO49706548,0
DR88192549,0
YH46310562,0
UZ84974819,0
LR73495105,0
SI90117748,1
LC12473390,0
AC91243333,0
CL53284879,0
ZY74301472,0
BP50602599,1
EO81397691,0
AF09522676,0
VG05562185,1
FW10955168,0
IH15350323,0
ZK28742216,0
VK09072070,0
TN68059127,0
TZ22820252,0
HA98981137,0
BZ10900007,1
TQ02269596,0
EG78631611,0
LG74528271,1
HE34513471,0
CH25906237,0
TU56279708,0
MC18498957,0
BI80575939,0
DD19587411,0
BW28715631,0
GK73645508,0
NG73843715,1
CN70976154,0
ZQ38005709,1
KZ81036431,0
SY20223687,0
CE71114088,0
VA76699564,0
HY15481529,1
YY12339422,0
PR69269624,0
FE91452652,0
SR95015971,0
EB34395466,0
QX59519331,0
HO31144875,0
KG04863155,0
CQ27237106,1
VC76752348,0
IW75868900,0
YE57324515,1
UU21397752,1
JL79921465,1
DV43245390,0
HZ14468591,0
AM56380277,0
MU20395933,1
KM81400214,1
ZK23563890,0
AX02558533,0
WN18182548,0
JG17555626,1
QM22821770,0
PI50878999,1
KP70935825,1
EQ66038626,0
IZ72841994,0
MZ90427156,1
YC95970671,0
II41405881,0
KW25441872,0
CE51832577,0
QN22221235,0
UX56655992,1
ML94942510,1
ED72668363,0
LW69146530,0
ME22571516,0
FI35540757,0
XO14077963,1
LG76172596,0
AB30736624,0
RP97177002,0
YV83051454,0
CK05192251,0
OP37640914,0
KE57922909,0
FF43178710,0
PW85238735,0
IU77534375,0
UN35132862,0
QT57082641,0
IG44737489,0
CV63085680,0
QI03931262,0
XZ96940301,0
FP72593610,0
DU42262889,1
BB87022616,0
SV72361584,0
PX13130037,0
GZ62470858,0
QF88208236,0
GR79652593,0
OA64729227,0
CB05922512,0
SB52319419,0
OT16590511,0
RM85607593,0
UY41348629,1
UI05516157,1
UR12700387,0
UZ94386917,0
VB76712014,0
GD69986250,0
GF01260355,0
TB55187345,0
OI33256070,0
TL84056150,0
WP42552719,0
DC82442432,0
GA33021119,0
IY08384001,0
EQ08772127,0
CB99658789,0
NL92512871,0
BV05289307,0
QD30101483,0
CP70369090,0
DY61963304,0
TM04755234,0
RA37270788,1
GA74317328,0
VP16920913,0
XS38821059,1
JR02759061,0
FH40003041,0
RE59732809,0
PP08170681,0
WX82766184,1
BJ73390332,0
PG02901685,1
AL57020689,0
FG47491189,0
IK35413941,1
UQ71993838,0
CZ25017987,1
GK99986185,0
VG55799449,0
US31930086,0
NF87794901,0
FI05684533,0
TE21508157,1
QZ00058473,0
UT00536573,0
CJ41257393,0
QB97300554,0
RW63451462,0
MI90066936,0
IQ73273749,0
BP91546882,1
DV77699996,0
SC05017876,0
UV51904940,0
BX78631652,0
LK57226935,1
HG15430280,1
EW65070529,0
VX46948667,0
MV95760345,1
ZS55672878,0
DG39971798,1
NW28786835,1
IY44651164,0
BR97542798,1
QV28056064,0
RL10956253,0
KQ12391810,1
HN01191870,0
SI05132597,1
ML56554580,0
MI98702735,0
EV38839843,1
NA05328061,0
CY81248748,0
AD36199201,0
XX93522113,0
AN76231132,1
BP05283512,0
UW29724186,1
AC36422234,1
XF89539124,0
KQ90360698,0
KH99835762,0
YL94769233,0
GU74495954,0
ZN32704471,0
OS46196280,0
YS60498616,0
XO20145253,1
UY63520584,0
WO72894092,1
BP65392519,1
XG53657219,0
NV08599226,0
HP32273906,0
UF43918755,1
IY42660113,0
IY44343557,0
SZ19335360,0
LZ32967296,1
LB77845503,0
FK21016063,0
WI98508899,0
CB89841827,1
BA88040553,0
LZ49454454,1
VB82025115,0
VQ93166666,0
JO68418777,1
VR57833437,1
JC23257315,0
PF34363251,0
VG98055005,0
IG05716047,0
NK44621981,0
XI80293409,0
PX81592884,0
LQ72592768,0
JN82544964,0
KY76025736,0
JL85642663,0
JR17977286,0
KL90298281,0
SK87391973,1
ND46184167,0
LS23975375,1
PF65997380,0
DQ47325572,0
MV60518042,1
SG59802713,0
NL59408346,0
XG18552744,0
UM66350536,0
OY62627953,0
KB70753478,0
JO17410673,0
QJ86224161,0
DA54256216,0
EC52780609,0
PO50132549,0
AS63214116,0
IX05868129,0
VN53365247,0
OJ85377671,0
DM51275898,1
GI50091359,0
CH81187907,1
HX50043795,0
IQ74058326,0
VU63894689,1
QG04742679,0
XF25832732,1
AB70503824,1
TO60882534,1
VP80355588,0
BV44943688,0
OE43622951,0
JZ24565787,1
SP69309143,0
XI35203307,0
SZ75183405,0
VI40954315,0
HG88259646,1
NS24530081,0
BN89104186,0
BG10050291,1
IJ00670251,0
PY63314058,0
LS93395826,0
ZG76397727,0
WE42760979,0
EI96701793,0
TC31033340,0
UO11253842,0
RU64840362,0
OK90242491,0
GA72705386,0
RB74321836,0
XR20193992,0
EC66924586,0
UD82407137,0
RY00601792,1
NA22626545,0
WY61181713,0
CK19806517,0
PA64339886,1
DP86992354,0
QY63928866,0
FG41817584,0
VU62670984,1
WZ57321040,0
YH03242755,0
UL83369140,1
BJ20312095,1
VY14352946,0
PB70668005,1
SH58009503,0
YG00354792,0
DU17827085,0
QA85746265,0
EC56142169,0
FW56780765,1
SB64855710,1
CM30435485,0
HC69267487,0
EZ44344823,0
BQ99336072,0
AQ17338564,0
BC19703928,0
OF50303748,1
GZ00534389,0
XO20732707,0
SY01418578,0
JJ76419344,0
VZ92562721,1
FX49039198,0
AE89837558,1
BR26996740,0
IY26859190,0
NZ16509325,0
MJ57104751,0
HW94949046,0
NX58476462,0
ZN79011832,0
YX49421841,0
KD23737551,0
GL79555317,0
YS16649927,0
ZH30491675,0
HQ18068349,0
JL36365959,0
SU09844124,0
BG66823435,0
HN16283128,1
RT77015008,0
SL21664027,0
XI32840838,1
JW44651106,0
EN49370312,0
OL87198171,1
GS33150298,1
UX14987871,1
UE79303588,0
VY83604123,1
CH53512449,1
TS14721229,1
AW09778398,0
OD02438349,1
IF59003543,0
SI89384319,0
XV19862667,1
PK86734033,0
ZD63700031,0
RV87684511,0
OV08019045,0
JE89208058,0
QU38655040,1
RO58579253,1
TF87257330,0
UK78620281,0
FJ96465198,0
SE63755868,0
OY20465079,0
FG03448227,0
OZ98412816,0
QM98403549,0
AK57742036,0
QH43235164,1
RX18902947,0
BF98073992,0
OK48417187,1
JJ23599205,0
EY48936545,1
UQ81725223,0
HQ19203044,0
ZS36210269,0
UE45815090,0
OW73523551,1
TV78521444,0
MY47688531,0
DU23967891,0
TH37471753,0
YU23797669,0
SY88137775,0
LF74865917,0
NZ87050127,0
GW12844679,0
BL32854090,0
RG37923684,1
RP16771181,1
IR38598354,0
HR12861901,0
AH25113018,0
SM20146306,1
BP30668583,0
BZ85376443,1
AJ05915968,0
RK38334764,0
WP42266469,0
UP53033072,0
NB00242566,0
FQ92270839,0
US67578048,0
RC20192096,0
VL94944710,1
GI83861305,0
KL88620585,0
CF39511329,0
TS62027021,0
GS25709078,0
EH41192634,0
BG03975102,0
TY56538682,0
YE02918987,0
LX76571416,1
QF91967234,0
ZT83887392,0
TU80913480,0
BL33385208,0
YK88237788,0
TT13150334,0
MN51162989,0
SM96195367,1
JF54609246,0
XJ75325242,1
LK23283997,0
UY59899535,0
MS51328623,0
OR45940756,0
XL26868911,1
SA27207438,0
SK47763431,0
GJ42425413,0
CR56007593,0
SC43902119,0
CF11357105,0
MF48310559,0
LW08815816,0
BZ46198639,0
FL11292934,0
SI28373488,0
MG52936532,0
FC69760526,0
VQ07649958,0
LV83143918,0
DI71819925,0
FO52824662,0
MU24344406,0
ZT78442875,0
ER81242938,0
TL64733444,0
UF21872410,0
UO58728343,0
DZ54194292,0
AJ18227359,0
UX87795702,0
CR32043827,1
RE21351841,0
CP11371378,0
PC91545096,0
CS84318679,1
XH08396327,0
TW76576244,1
ID93280518,0
MY06199355,1
QA19357182,0
AG09236842,0
HG03004375,0
MK64991631,0
AT05378153,0
AR39772215,1
PG14846145,0
WE45929334,0
ZI22329492,1
KV32971894,0
AN85001778,0
BF97654603,0
BB20188782,0
JT76932345,0
PW74193040,0
QS02808768,0
XT27319459,0
YP24806553,0
OO12562293,0
II86185245,0
AM63681338,0
YV63259632,1
CK60757028,0
WY23320407,0
ID31682259,0
PU42682131,0
ZB26506400,0
JI86054023,0
OF40789856,0
BB75958105,0
JQ83980907,0
UC42183682,0
KI02032378,0
KS51018655,0
DR87869220,0
GR34947973,1
CO09263344,1
KL93966977,1
FC02620881,0
AG71165713,0
TG05031898,0
VA23452331,1
IL52034648,0
JF84334004,0
QZ60810628,0
FQ62122734,0
DU16111040,0
HH58830151,0
DM59281986,0
JX41430467,0
TT20291532,0
IY46591819,0
RP75966529,0
VS46951489,0
DO42248645,0
YF31690926,1
DU67262132,0
IV36077274,1
UQ54785634,0
PP45736110,0
DW01282129,0
YT67771486,0
XS78923825,0
RE76962712,0
VX03308639,0
XF13262926,0
MZ00961170,0
GJ51865119,1
XM88615496,0
YZ58994112,0
PP80935888,0
LN07376390,0
SR12980946,1
QM47172649,0
LP51977547,0
FQ61220132,0
TY77030122,0
UG08591810,0
JN72562657,1
XP35299887,0
MI44766890,0
VG73286206,0
BT02316087,0
TQ37563792,0
GU36182208,0
KC63441498,0
HE58214123,0
TC17760165,0
IW89161609,0
DH45882647,0
SO78661268,0
BS26991296,1
XP11365480,0
AI47121576,0
NU33354581,0
YR75192816,1
BM80513682,0
RK61219487,0
GH28267429,0
ZX33933772,1
PU62506842,0
FK69841515,0
LE94250079,0
UC67737376,0
JJ15569475,1
YN19649571,0
TE48014907,0
LL79373069,0
CP32006729,0
DG05988559,1
DK20713299,0
HI65052674,1
NP47324252,0
UP71273251,0
JO22060411,0
YK68440173,0
GM75343856,0
RS59831449,0
TC91874991,1
NC98459202,0
XA04626823,1
JR27915580,1
GZ31007431,0
DP61148402,1
XE51250277,1
CF32215454,0
ZZ87410438,0
RW43740319,1
YY68584325,0
QA78016415,0
NE93223835,0
BV75802890,1
CK97210132,0
RL09596272,0
KW09575045,0
YV48464885,0
KI11082974,0
QO82258712,0
CR47991301,0
AK03275094,0
JS87745617,0
HM02547880,0
UG29314934,0
JD01546261,0
PK85363815,0
ET56307796,1
FQ71600838,0
JG13354369,0
MA30248866,0
OQ06719927,0
GF39265884,0
NM22409591,0
EV03893822,1
NP03441153,0
ZQ10877344,0
NE27676670,0
SR94250922,1
JA94592837,0
ED14524523,0
OD74832049,0
VI19632544,0
ZP16266655,0
ES74998494,1
EE21937233,0
YO24776672,0
HQ53934294,0
XB80078555,1
WA57104396,0
HT45307224,0
OW02490754,0
YN39819980,0
LF44463381,0
CI47462302,0
XW63027557,0
LV85987723,0
IK10380683,0
TO92320685,0
PR43186072,0
UR15205503,0
HB36384038,0
BC08959072,0
CD79897510,0
CN46767382,0
XG40766587,0
EA52825649,1
JS41199649,0
JL81336920,0
AX84693852,0
NW44226461,0
RZ87303869,0
HF22397077,0
EN64059204,0
KA08211461,0
OR30673196,1
JS45936988,1
EH60941988,1
RV52313867,0
DA89376171,1
UL87863211,0
DO75597710,0
JJ83350219,0
KG53239134,1
EK13964160,0
NS50972298,0
HS52937044,1
DZ97947324,1
MX85655634,1
SD44541497,0
AG79367097,0
IF97479279,0
SH76502195,1
FY68307861,0
DP72653814,0
ID95306666,0
TS18225827,1
WU46297569,1
VP42292568,1
GZ64651803,1
UE22357826,0
HP70023031,0
RQ94758055,0
IK28651649,0
OU93442692,0
IR30232494,0
KS67840434,0
XG11767352,0
ZO49072475,0
VS24572638,0
SX90876213,0
LM93825614,0
MW03087173,0
VK09336700,0
QB92906406,0
PF01117729,0
UA35523841,1
LP15923196,1
JL16863579,0
QM84917210,1
JR52558389,0
UZ50674139,0
SX78340920,0
UD66626048,0
WT94247595,0
YW60292879,1
LB65933659,0
CH52145135,0
MH31178469,0
FZ67886660,1
RY75068829,0
IB71655859,1
ZT50057452,0
VB71480692,0
YL30277767,1
HQ09036722,0
MH44356568,1
AR84436076,0
XU78754834,0
KL14959734,0
XU07001074,0
OL78459592,0
YM66811375,0
LR74853086,0
DB80876094,1
VN47979012,1
ZA31279000,0
CB36080655,0
WW62638007,0
IV57115477,0
IB03448772,0
TD15867838,0
UH56470722,0
RN63259334,0
UB99507559,0
BG66829381,0
BC14253142,0
IV64849583,0
FE25589817,0
DJ66616995,0
KQ82447002,0
DA99071687,0
RJ27343011,0
IU59559952,0
GU89917948,0
GX94457661,1
BX88778565,0
YW82342714,1
KL73786776,0
LX85210220,0
PE75493407,0
YW33036697,0
CR37613004,0
VX68341237,0
AS45164061,0
UH93719034,0
QU49081983,0
JH85129234,0
OC61481620,0
QE92051400,0
WY26151492,0
RL62487875,0
DJ33606902,0
GA81794364,0
NJ59516511,0
SA89672618,0
VI58597551,0
MN02331310,0
RU06842829,0
JD90972624,0
NI81455468,0
GL08546538,1
XA68871865,1
IP76276985,0
PT16076744,0
TT86050301,0
OI39266161,1
IC30787260,0
LT93277643,0
OU66107311,1
JD21793523,0
ED04965397,0
PS97200283,0
DO07970715,0
EL12868409,0
YY14156500,0
RC55006157,0
ST80280408,0
CP42955386,0
WM43094939,0
FC94779328,0
AJ62362611,0
AI01228509,0
VQ44623403,0
UL24311853,1
QI17155691,0
HA56123534,0
BA62805739,0
FS33457666,1
FH93017508,0
YI74981864,0
QN47380720,0
UD32694629,0
HS41569087,0
IQ95269469,0
SQ12955800,1
MM67358654,0
AF05872969,0
OW71128778,0
ZU71373792,0
KK14516554,0
LA08980266,0
TT68354744,0
VC88930048,1
IX62314769,1
EB49233801,1
IP27924286,1
NX68128060,0
YX95649662,0
BU65387524,0
HU22336738,0
XT14004178,0
ZU84592877,0
CL72358838,0
OY05098748,0
WE85154760,0
PP64282363,0
VD08296911,1
MZ04548517,1
VT83625994,0
CG90892441,0
KQ74125060,0
HV84017965,1
JB65761713,1
AH73596891,0
CP74961489,0
BD93294494,1
AF38726587,0
XZ57911438,0
US15519548,0
UY43368203,1
BF96780709,0
MJ42094088,0
PN47972753,0
UA14643376,0
IF05757367,0
EE68733456,1
BR90188735,0
HM26160390,0
DQ53964811,0
NP01332124,0
JX64065217,1
RY39812721,0
HD27141126,1
QP14081899,1
KE32524512,0
CL71929778,1
EV87816084,0
WH62194925,0
VP94583142,0
LF94400156,1
DH25960613,1
BR88429222,0
XK65086805,0
AO05786729,1
LZ21992423,0
EA51726434,0
HH65281570,1
OF02423323,0
IM70153360,0
LM52311243,0
OL63232369,0
GV16284759,0
VF89503178,0
NH22677017,1
PW21667467,0
IM09110389,0
RT34795924,0
MX68004849,0
CJ09531494,0
JH51523696,0
IY89746886,0
PB55278993,0
RS62900014,0
MW86449299,0
KS38032430,0
RZ59867585,0
YC63739293,0
VN93916313,0
WX23456048,0
WT69851230,0
EJ66031010,0
BI95157457,0
QL52334396,0
HL32603973,0
RL12220373,0
XC90975581,0
YH73221262,0
NJ01462364,0
KO96608273,1
AH71554793,0
DS56432441,0
YB35591663,0
AL49894548,1
OZ40613684,0
SC02441952,0
VI36810680,0
BL74147585,0
VF09439531,1
EB01751622,0
QI46828722,0
RL35562389,0
TL77200586,0
IT29733496,0
FM44422765,0
MS90243258,1
GV01605723,0
NF30661571,0
UA65928447,0
HS50868907,1
NE27545593,0
GW73460325,0
AX96169823,0
MC83946580,1
RO94869591,0
FA81974505,0
GV24997980,0
UP88340737,0
LV71521004,0
UK53349240,1
WL88593881,0
RI74759033,0
TI08996161,1
JK54732121,1
DX23361753,0
KO08335580,0
DC34300814,0
SS62146353,1
SN34631784,0
ZP53303897,1
KR72435005,0
NC85124750,0
PI64422967,0
DW43592551,0
AN53917279,0
HA51871702,0
CZ15122379,1
CH93923428,1
ZF88623894,1
MZ10730621,0
QM20471751,1
CQ94453059,0
AD50415292,0
PW11838323,0
JM60287421,0
ZF76253444,0
LF79154681,0
QM77705176,0
EW23680778,1
AK76430737,0
NV71687701,0
IA70173068,1
AX29996389,0
MJ27877844,0
FM94071461,0
NJ96764131,1
IR09783782,1
TW05439181,0
EI87569080,0
BP07409184,0
ZH52907674,0
XN17459543,0
RW61379102,1
EJ84968166,0
WO16046525,1
QO04130466,1
TL70961459,1
CD57373975,1
UL34873687,0
IP65405587,1
KV12999504,0
TJ96846245,0
CV47831054,0
WI65938633,0
CK76744652,0
CK17161915,1
MP90688871,0
GD75745491,0
TZ72441725,0
FT68709358,0
CZ68768499,0
SJ69260911,0
TB89513265,0
GV61217446,0
SH26218557,0
DF77051388,0
JX19884175,0
PL36931576,1
JX81633563,0
ZC01551918,0
QH11027305,0
LS15643014,0
VO30829188,0
FV40807415,0
BW00206866,1
KU84169591,0
ND45839138,0
FX14933835,1
CJ24888955,0
GZ68743830,0
FW10174830,0
TE68074430,0
UK23582232,0
OE68303019,0
FS55998211,0
MM82663163,1
WL47808106,0
WZ18389759,0
CV19896450,0
BL10575804,0
NR67936856,0
UC47885748,0
IH69259193,0
PB27940466,0
EP19332050,0
EA31697411,1
AZ44320422,0
PJ33399602,0
IM47020210,0
FP08242851,0
ZD58474383,0
CW88474388,1
XH52378215,0
PI57449072,0
ZT22738379,0
KC87077598,1
SL37653438,0
NK25437943,0
HZ25806445,1
SZ43579839,1
YT81257092,1
UY22989477,0
UU90840055,1
IN71820457,0
VN52348999,0
VX46352589,0
SA36188930,0
FS06993300,0
TM92957041,0
HD56599665,0
TA84311336,1
SD30635418,0
AO04242416,0
FN96780422,0
LZ65916874,0
CE59169867,1
LD85636147,0
UX74390063,1
HX15893040,1
YJ56166052,0
WN05590302,0
IZ27263417,0
UQ43921002,1
MZ37626790,1
OE95082934,0
NH08732021,0
VY25592149,0
RE91588035,1
BJ09335703,1
RW52085943,1
LG30680527,0
MH37670164,0
UK68859564,0
AA04015760,0
SE51137275,0
YZ05702817,0
CZ37906057,1
TB92652297,0
KS51828886,0
XW87821454,0
SS71621093,1
XD30694029,0
UB42628656,0
EO95516740,1
ID06376700,0
KE05701524,0
SU67206390,0
RL80542336,1
BQ98536286,0
QZ11847984,1
AI82355950,1
YB85136800,1
EC19343156,0
XD42450044,0
SO83950751,1
ZZ13028898,0
HA10511846,0
WF81157247,0
WD81438235,0
EA32401294,0
SL43899616,0
XK17310911,0
UZ06156908,0
AV97363567,0
WP88949449,0
AI03255437,0
TX03349001,0
PC88900570,1
SP01708874,0
OE55215387,1
OP72168762,0
WE87237550,1
ME67172023,1
DG94291313,0
EI27937624,1
CU76363931,1
GS54444887,0
KH20465968,0
VN58748633,0
UH55787389,0
WI66266399,0
GT62337642,0
LM56131048,0
NF53912484,0
BJ84137826,0
HP28978860,1
UT54872441,0
KE65002913,0
AU41816781,0
EA88382882,0
TK35519594,0
XO43670386,0
AW15649664,0
MZ05134160,1
QV93925977,0
HK09609494,0
UA18457185,0
MD75111031,0
CC23708579,0
HQ56471487,0
GS75321086,1
HY07423932,0
EG85939994,0
AD80362915,0
PU39753714,1
JE84522278,0
DO42677864,0
OX89995785,0
VB57402724,0
BN97658195,0
YQ41611600,1
FC13789313,0
ER09459475,0
TC80919347,0
RB33025170,0
TZ33612232,1
AY49338889,0
AX09199085,0
HH54750688,0
VK61601534,0
OE17934645,0
KV08010594,0
YV58056700,1
HY98264802,0
VS70704766,0
LG68163247,0
PO03462805,0
NW72019723,0
AJ49221939,1
HM90950191,0
ZJ22087371,1
DX39290582,0
EN30881787,1
SS64103464,0
JV41846535,0
YD17270660,0
UD27180985,1
AX05243684,0
KJ01620707,0
OE65883642,0
RT72873903,0
DZ60264722,1
HN61401920,0
AF41719276,1
HZ52954017,0
VR91385624,0
RP62994252,0
EF89663555,1
LD57117773,0
QI84180416,0
OX46791534,0
ZF71462735,0
NV48378634,0
IB66196653,0
AY92574630,0
ZG59412351,0
SS06788394,0
DT08814709,0
TU87014188,1
HJ98904623,0
WD48689738,0
AO10909820,1
ID73597785,0
YR14609939,0
OM06886275,0
AO20720065,1
DI64042727,0
NB23209632,0
LS19212608,0
KY33314514,0
KH37187660,0
RL66669786,0
GH38109445,0
RD93249517,0
GX90333248,0
NR74625199,0
XO31385604,0
KK52769390,0
YB45868195,0
WC37611596,0
JL61452530,0
ZM96223723,0
OY22269787,0
YG92912665,0
HD36129904,0
PR22904528,0
CY56679545,0
RQ24874252,0
IZ16156448,0
RV68194920,0
ZJ58372991,0
MQ33956093,0
UY21282909,0
OY50203665,0
ZB10883113,0
FB35022882,0
NW80751948,0
IR88476441,0
KY37408200,0
ZR32135016,0
KG98447909,0
DP66935576,1
OR29647121,0
GW26666696,0
PQ82195932,0
PV86675895,0
GG06331387,0
EC38463992,0
TA24995095,1
MT20949298,1
EX04713355,0
ZB28310335,0
SA44937483,1
XV11538258,0
KK63854661,0
XZ97893977,0
RL87973787,0
KK81373856,0
CT68634410,0
IT21629147,0
SZ05637743,0
EF82267424,0
QG63216898,1
TN26996139,0
LQ12222814,1
OO21374011,0
TA24633701,1
HP82123145,0
MT24272383,0
JB36975876,1
PV39800879,0
UO47762967,0
WY66982481,0
CR77768312,0
MM87800817,0
WD40235583,0
XL94858458,0
WG23077668,0
IS19551965,0
YX19067528,1
YB88405773,1
MB35692999,0
BI26685108,1
EB29711900,0
TL71262405,1
IQ34994219,0
RM32008899,0
WP82965400,0
FS11072256,0
JY10498379,0
WY45445732,0
JI19046861,0
LA45459221,0
BW42978167,0
JP90706277,0
EP19170968,1
JO49030808,0
BU40201028,0
ND41636236,0
TH67726366,0
DE25204461,0
KC83489800,0
XG91939167,0
MX62701072,0
EY82859570,0
VA45077795,0
TI13661787,0
RF59399139,0
ZN60338401,1
XB89097378,1
YE30226811,0
OI68479324,0
JU73867125,0
LC01874042,0
MO57012697,0
PY32419132,0
AH90307259,0
WR06769002,0
TC27163524,1
HU34325713,1
QN02890208,0
QT42455446,0
XK70414942,0
IA76895760,0
IE27146429,0
XR12279461,0
NZ51537485,0
ZR52422968,0
PH64223682,1
QW20288598,0
OT44082916,1
NB13020047,0
WP09078942,0
RK18917407,0
ED76155475,0
KS22048308,0
IV66211607,0
YA13153006,0
LL99450966,0
KC55080875,0
RT80465539,0
XO02019162,0
RW59796798,0
HZ24245342,0
XK06677760,0
AD37130996,0
QP17293895,0
XY58274104,0
EI42240593,0
ES08896162,1
SL20299900,0
US12247414,0
YG56401560,1
KH82349217,0
JD97849947,0
LD70740567,0
DG15285046,0
OR93412903,0
VJ18630521,1
RC53210271,1
DV74494197,0
RD73793923,0
SC29994334,0
PR57881538,0
XM58340415,0
FQ17026004,1
JL29958123,1
VO66600712,0
DX48996467,1
LC34255560,1
RX11116770,0
VQ26111169,0
EP06838150,0
JX93352063,1
EX11790044,0
HT74406356,0
ZY82822846,1
PO87146533,0
NI12877651,0
JQ96531504,0
GS24749618,0
OZ09954830,0
GW94213356,1
MD13428486,0
KT39330705,0
EO68351611,0
RJ76070689,1
YT40904409,0
LJ76419807,0
DJ73671329,0
GV27256543,1
OB21753897,0
LO04387266,0
CC16960977,1
WQ48925906,1
AY76332137,0
GT85688880,0
WU64841939,0
XV20406717,0
MY52007305,0
PF49845426,1
IS86611649,0
SJ78657971,1
NH35308122,0
OI43150693,1
VN17429023,0
GZ62328463,0
ID02261620,0
DB84445938,0
UN58697743,0
WB61676941,1
TC32600008,0
QF68940300,1
AS84156985,0
LS92816854,0
KT28438809,0
VE68909838,0
GN59898234,0
HW92933806,0
OQ48289959,1
CW96333424,0
KD21905611,0
XS30652456,0
AS38849519,0
TX75337101,0
BP79611707,1
VU24828090,0
EZ59177439,0
CG32521828,0
ZS66279340,0
DQ26647849,0
KV15593215,0
YP26661801,0
TA89650350,0
BB22532761,1
VT85687041,0
SO25628428,0
FO77308669,0
DM75323718,0
OP83127430,0
BL27996530,0
MU80403990,0
WH18010213,0
EJ80046915,1
EI99491126,1
JF92098731,0
FC64328192,0
UB23009640,0
IK19171478,1
DO82623835,1
WF94145434,0
HH93018524,0
LF56987457,0
RY99149398,0
WX30244151,0
JA23994004,1
WW51330951,0
AN25554293,0
WG65432406,0
MJ59159149,0
EJ25655684,0
LW75306927,0
EJ71294710,0
YX61333733,0
LF27110329,0
GY73100584,1
KZ85726409,0
FM21782062,0
CC86894193,0
UF80164988,0
JH20471940,0
BF72989527,0
TF82616996,0
CQ68828550,0
WV34266158,0
OI06364630,1
ZO29840823,0
BJ80680543,0
JS77761919,0
QL90114357,0
LG50988055,0
AR66789448,0
HJ26549214,0
QO45150755,0
MJ44803950,1
XW51800931,0
RD10241700,0
KF86831779,0
EH77449479,0
BA05956282,1
TQ85156794,0
MH92748228,0
QJ87944588,0
QG65587272,0
KK77681319,0
QX96343664,0
TH25130658,0
HQ19854615,0
WJ57479936,0
NE95310988,0
SS53623905,0
AQ61583690,1
KV33814301,0
ZO43458136,0
CM78384326,0
BT84421417,1
KB70593878,0
ZR76924070,1
DU70229173,0
SU70623601,0
MG50277369,0
XX93747734,0
IE57711433,0
TV33058338,0
UO10878324,0
NJ50788497,0
XN31594915,0
GP31269757,0
CK19527816,0
AK31958214,0
OE73672382,0
EQ66045253,0
MI78586073,0
WQ11139765,0
KE43360661,0
BT86983561,0
ZU18641979,1
NU72373298,0
RT10277362,0
NK38383258,0
RA22827452,0
ER68535500,0
HU32191609,1
CI17509660,0
WU62228618,0
YZ38772589,0
HL15423499,1
ZB76837297,1
WM89050238,0
JI87671236,0
KD44515532,0
DE29451292,0
EO29860819,0
PJ66001538,0
LN28304495,0
RC31448806,0
KF50643611,0
RZ48607960,0
CJ66250331,0
AZ67914527,0
LG42583131,0
TQ24788804,0
IJ57914774,0
BH91843601,0
YM47328670,0
IA17950339,1
ZK78787390,0
KX20392628,1
EQ21116445,0
RJ00328371,0
GJ44501179,0
IU21230180,0
OT31178312,0
JD92450519,0
XK01259685,1
DF74115994,1
QI88847364,0
LC28827380,0
XQ75510654,0
XY10976192,0
FH70074071,0
HW54634893,1
WC75000046,1
CN78036673,0
NB07748292,0
QE47919033,0
EL03840986,0
HB30944441,0
IV17390151,0
TI14884717,0
TH93614316,1
FA51912695,0
JA37894756,0
AR03553389,0
AK14563569,0
UD88875523,0
LB15380483,0
MJ60773784,0
ZO43098567,0
SZ60227964,0
LL48096568,0
NU43575829,0
LV99849073,0
TG75349751,0
KQ02890857,0
PD20990505,0
MN21237320,0
IB09240115,0
LK18201391,0
QR90054494,0
FN73802351,0
XI59843434,0
GC90130979,0
FN97234425,1
WN77914310,0
WM29871566,0
VV44733000,0
SG25732841,0
VF67666458,0
ZC51309094,0
BK88618585,0
AY38005830,1
VU97056862,0
UK72188655,0
JY32445547,0
KJ18865067,0
UT15891821,0
QF49181986,0
ZU56509153,0
DN23488179,0
VA04524357,0
UM63892805,0
AG09218285,1
FP20119465,0
PY42426899,0
DV52008276,1
AI16826557,1
RI14937775,0
RY02010574,0
JZ80055846,0
UJ92052459,0
XA63940573,0
MX62136736,0
DJ94612365,1
SS66851940,0
RH43190304,0
GI11927045,0
PF48760435,1
BV64220804,1
YA85922249,0
UY39602764,0
FY55686894,1
PC82606470,0
KR20442012,0
JX58971068,1
IH77993559,0
NS48298197,0
JG18009791,1
OZ45608977,1
XN46369585,1
FC34814020,0
YO17462410,0
PH58134517,0
SA55130516,0
EF12355321,0
GW75274301,0
BS39967616,0
DW89226667,0
RS19046526,0
RJ85721357,1
LF11947001,1
AU30045662,1
CV06396157,0
DN92009948,0
TV32843824,1
BF61737481,0
VG84537011,1
JW98918243,0
AB81391323,0
PW89950318,0
DH36017119,1
BN44559321,0
FN26109268,0
SC03230858,0
CV51568022,0
KO54021325,0
NV99233195,0
DM93506226,0
EC89239249,0
VS79065165,1
NM24078360,0
RK82353532,1
UV11563832,0
QW73942108,1
VV52573853,0
HM12195933,0
EW11023572,0
RF97811723,0
WA95354903,0
SY61052304,1
CH82600855,0
CW38777910,1
VV99975056,0
YR41987138,0
QW52122332,1
RS42030890,0
XT96265207,0
XB46970363,0
DU72985949,0
MV43233397,1
IU89198524,0
PW84627017,1
LA39218016,0
IR70881508,0
SN80923087,0
CU74978613,0
WL82020997,0
QQ73159613,1
LI24695096,1
WE27921518,0
TN64307463,0
ZW64977988,0
JH63588764,0
ZL38415622,0
YL56929080,1
LL40003480,0
UD56429107,0
FO32177222,0
BI54944303,1
ST40295860,0
KC74375963,0
HR07570235,0
VN83378573,1
CQ66474351,0
QN20755455,1
GJ93559263,0
AT00793102,1
FR47690185,0
MI30701487,1
MF71836238,0
EL36292726,0
ON47586480,1
CJ17439413,0
IN43839590,0
MA36447539,0
ND74200170,0
GP39818473,1
NB09572056,0
MC28698698,0
ZF66796180,0
DV94360148,0
QD11163947,0
YQ95186046,0
BC79377722,0
SH75193408,0
BL07393473,0
FD38345119,0
RI23171680,0
QL85633778,0
TH32592840,1
EF76629892,0
YM16238402,0
HL82331017,0
XT68921778,0
WB64173356,0
JK09237933,0
OX25822374,0
NQ88497966,0
CI65594480,0
RK50366362,0
XI62417934,0
MS57543311,0
YA65356743,0
ZY37174374,1
CG03568205,0
RU89868169,0
OL44420994,0
VQ96037952,0
OB31693924,0
QO82638063,0
SC94157479,0
PB20019399,0
NG35799159,1
HZ96602229,0
KV03856550,0
TY26456451,0
PP19516279,0
LE88221602,1
TI96012851,0
BE24136995,0
YT83114540,0
BA02584679,1
JF83301735,0
WK35802963,0
XY59954372,1
ZR46912582,1
OW58539949,0
QR67905530,0
QD23019193,0
XV92057056,0
TL19476581,1
RZ58740586,0
QA49328848,1
UJ17759814,0
BW59266767,0
BC65826059,0
KN05882500,0
BY43498285,0
GM00910679,0
TZ28563123,0
YW92640659,0
HW72597599,1
PI60170484,0
XZ81367773,0
GK79202997,0
XK44377526,0
NK96853407,0
EJ03972844,0
EE12802566,0
FR05414611,0
ED31073025,0
AI77867948,0
KA18794546,0
FK53868664,0
EP45027625,0
HI21014699,0
EV84815966,0
PN88394296,1
FS30418648,0
SD29263809,1
XZ33694901,0
GG17668249,0
UE59054980,0
JX09888901,0
KT50463550,0
RZ01084361,0
PT28792455,0
WM22133577,0
FY25935217,0
TK47644433,1
SJ80263865,0
BA36316942,1
GP24396782,0
CB13981152,0
MO65333040,0
YQ65084322,0
QD72387655,0
RT52637052,0
ES23677790,0
XA22014097,0
IA14144246,0
ZG57512661,1
UR08445269,1
PK39034102,0
KI94415599,0
IK91099537,0
JQ46815373,1
QP97711561,0
PZ58963465,1
QF56599747,0
DG37696922,0
SX12910221,0
WD33636133,0
EZ47000077,0
PF81000245,0
PG32300565,0
KC38630691,0
UE15372902,0
UZ43997570,0
DP89576921,0
YJ16131760,0
SR60002556,0
RT55113776,0
JZ67041803,0
DH73535872,0
GU86521743,0
TX65368184,0
SX14118302,0
JU60614498,0
GS81093283,0
SW64561440,1
OI11584202,1
TO21029682,1
PR85979053,0
IP56584200,1
BI60481975,0
PX67132840,0
HB65763660,0
QP85414852,0
TB07655922,0
OP37859447,0
RJ04876394,0
ZT60698860,0
AC94013371,1
ZO09209840,0
AS96212488,0
LC21483134,0
VN76752598,0
DD55664440,0
PU04976493,0
OU27864065,0
MJ56984174,1
XV34584340,0
LI12394035,0
MH50212144,0
KC49050764,0
LG49349100,0
PR32162453,1
BA54953586,1
IF83038606,0
GP42679221,0
SS77679374,1
TF01669648,0
HW90050367,1
KB95590956,0
UR60223041,1
FF57118495,0
FY74965581,0
LF98287586,0
WT97584179,0
SW47840570,1
WG28115126,0
BI60856254,1
UN25331170,0
MF45808511,0
PG63403658,0
PP40867025,0
WY37260369,0
HI66299431,0
PD49282053,0
TS46408284,1
IV63337477,0
TH46157682,0
SZ72824268,1
QJ07486020,1
RW87964019,0
XR58771852,0
RC78111879,0
FT03383499,0
UY83078520,0
XT75514820,0
SI03818799,1
WE67230751,1
SI04064102,1
GX57991652,1
WX62492234,0
NW71928649,0
QN99691614,0
WB37222879,1
QO99279694,0
CO78957654,1
GP11839403,0
WY01903979,0
LQ09734402,1
WF80717252,0
XD91403182,1
JZ13011358,0
XM36854481,0
PF14497336,0
KH49463787,0
FM39017958,0
VB45072183,1
KS83592645,0
DR74175620,0
VM82541000,0
ZY17910212,1
OY30429577,0
FT44668062,1
NN00950293,0
HH45307953,0
NB54674914,0
QH41156039,1
PR24517354,1
XP04379248,0
SW62446525,0
PR73892754,0
HI78267283,0
HF18080577,1
EO44033248,0
VJ80759187,0
JQ63299675,0
PW26390992,0
SD84338327,1
VO02967912,0
RC51481346,0
TX76347286,0
LK41919218,0
DW10192482,0
QF78497714,1
YQ54240118,0
YS66191789,0
CI03437874,0
MH26877161,0
HU02746884,0
NA31410181,0
CW39012816,0
NB79782517,0
TL94011339,0
RX28285353,0
UJ24683810,0
RY55123550,0
NJ62381715,1
AL48351314,0
GY90801306,0
HG98340258,0
TX48794228,0
JU42620855,0
OG69068477,0
YJ58899038,0
VL33304429,1
XE23643817,1
BZ28348382,0
OD11441854,0
KL85515357,1
FS73857225,0
GW71879766,0
XW55193072,0
UQ24469127,0
ZM54246270,0
KW98439747,1
VX67106538,0
LZ36324885,0
QD86226834,0
NP41801963,1
ID75512921,1
PR94672065,0
EN57525629,0
PT95218612,0
HH56490688,0
IW73237295,0
JO64133152,0
LC58799634,1
PN22999644,1
RZ82878950,0
YZ00503952,0
QM60256162,1
PC27185552,1
EA97129547,0
CQ36646584,0
RB98789681,0
UX29602492,0
TG42223979,0
SX63091739,0
AY91926517,0
UZ69883460,0
KH41703106,0
UX29533021,0
RA91243483,0
YV69533753,0
FU05499747,1
JJ67901461,0
KW16439760,0
HU74811880,0
SX83098715,0
XH36895750,0
NO38186414,0
PA52170146,0
TH21814617,1
MQ59239758,0
OI63775854,0
AI55395369,0
OE08356135,0
CJ14182168,0
ET27807192,0
AN11062972,1
MB78023668,1
VN29947957,0
LN25910732,0
IL32428561,0
LO97756670,0
HM49482769,0
MA48210134,0
ZX35020497,0
KN35907280,0
NL64080878,0
CY67737814,0
GS34395648,0
OT81666115,0
FD65416546,0
CS37505242,0
RG10346473,0
VW07138329,0
GZ79065605,0
NC38648786,0
XM46760937,0
PL59308364,0
CU65819924,0
YI90404319,0
UC25423029,0
EM77734503,0
QH35285368,0
LI12850234,0
WC49689399,0
AA42184829,0
RK00769744,0
NL79403435,0
ML91550381,0
HE17582389,0
BK88406426,0
LX00552600,1
LZ49500255,0
RJ08653843,0
AS76870008,0
MJ53450217,1
DJ31177912,0
FG86964938,1
ZR65999918,0
NW51197123,0
VK61322896,0
XJ34738515,0
LN45475483,0
JM38519102,1
FZ02759949,0
PE29296099,0
HG45242249,0
PV51712302,0
BN25703284,0
IA22116746,0
PF99393181,0
DH47588638,0
YT80145768,0
HP79975445,0
KQ91482065,0
WX54299793,0
DD35120501,0
XV29342835,0
YW38426818,0
BZ09141114,0
XX01517537,1
BC61706262,0
ZG41309895,0
GC98036269,1
QJ53837009,1
TW85135188,0
EF46389084,1
AT31688168,1
HS83763964,1
CY73225368,0
LN59924265,0
KD06844607,0
QJ41827330,0
OA80242263,0
WR55177324,0
RZ45674805,0
YM42248786,0
KZ04634136,0
SO68024902,0
EN58621547,1
GR83670710,0
ZI89937792,1
JU13171932,0
PO99178938,0
BQ09766248,0
YQ31701093,0
PQ95793115,0
LH49897762,0
DY51953947,0
AA97916230,0
DH73300460,1
CB06431593,0
ZG59909259,0
NA52092100,0
EX45538944,1
VQ80718560,0
CB50545584,0
FY50389552,0
PE13143709,0
FP50144728,0
TY98784584,0
KS76801235,0
KM31513385,0
DG93126701,0
CG07671859,0
VJ41758660,1
NX39535041,0
YF12113598,1
KT27579989,1
DB92597701,0
OW52875588,1
BU09470743,0
HB37324549,0
GW94469087,0
SU77217098,0
QQ13655087,0
EP21723737,0
KY00579015,0
NV55434546,1
IQ61379263,0
AB54456681,0
XS52089303,0
IR35462383,1
QZ37332858,0
VF15382690,0
XC16395976,0
CM44773146,1
ON95521195,0
AF50751588,0
PA08768880,0
RW05994849,0
IA18894918,1
XM87346903,0
UC81402914,0
TR42499373,0
AV22813506,1
PR72720513,0
ZJ21432770,1
TZ75640754,1
AL08292804,0
YS65644241,0
EP75697134,1
GB85632190,0
ZQ50053217,0
SI39203053,0
QL39179246,0
AY50736032,0
DE80456124,1
VL17896580,0
UQ01048372,0
OJ13087317,0
QP09540833,0
HD01338159,0
PG60754701,0
SF57890156,0
RF98941549,0
EX21332892,0
KR31231447,1
TT19336885,0
RY68546993,0
AJ57735615,0
UN50306844,0
RZ68810057,1
BV42677579,1
YR12128303,1
HA27232090,0
MT34604067,0
KZ38472466,1
UQ94778317,0
DJ62317816,1
PB91187067,0
TW26803565,0
CP41408626,1
PO25465160,0
JZ41112966,0
PX19088286,0
DA67723412,0
HT98092924,0
XB16621419,0
OW13231271,0
ZZ02309465,0
JP34099922,0
RG90649287,0
WR49641118,0
YC81072483,0
UZ06658991,0
XV31266453,0
VU23920989,0
TF50998029,0
TM74801135,0
JU18564165,0
SI59439120,1
EG83101532,0
SD79839478,1
IU55277010,1
AR70148470,1
MI77764009,0
HE77949781,0
AC80723276,1
ZJ34199991,0
LX01878061,1
ZB19075099,0
AQ88318170,0
TL19740869,1
MH63522490,0
MD50813214,0
BM97444273,0
UY56212057,0
JX86925405,1
GT52364508,1
OB46025170,0
CX11239119,0
TC70874662,0
WG13659275,0
FC87987899,0
RT50815817,1
IA23853986,0
II95054945,0
JQ89170107,0
KN93934588,0
VO62884401,0
QH27551562,1
HQ96611228,0
RE22968519,0
UG13973412,0
WW19484245,1
JD95743950,0
KG26659553,0
RR85480622,0
LS89988858,1
SA76639245,0
JP92218889,0
KH23240597,0
SY39012139,0
IC72459104,0
JK75142141,0
JI54390151,1
VX97100778,0
ZU99093580,0
GJ02391534,0
FU72320579,0
RK75799988,0
IO38456654,0
NY35916766,0
YH31507688,0
HY17011137,0
GC36740135,1
IE70272852,0
BR17970085,0
XC47232424,1
YX40481048,0
QK53161875,0
XG22165643,0
NW83751292,0
TV49369077,1
WW87800302,1
VI85534290,0
GV72197476,1
HW53793305,1
GM80803425,0
JM53429476,0
DC88153327,1
LO63401422,0
ZJ22127607,0
NT26903538,1
TG79885669,1
DJ88629417,0
OO87027897,0
GV37359801,1
XG52457189,1
AD79905990,0
UF28697619,0
BN28055066,0
HV08638945,0
FE19020659,0
QC94725963,0
PL39278190,0
HB37037313,0
OK05743023,1
LL19461343,0
OQ12140673,0
CE84016934,0
PD51049506,0
HH35105650,0
ZU37483533,0
RP49383736,0
IR29562295,0
LJ30387942,0
HU44874372,0
EW74448729,0
WC67873017,0
KZ57248175,0
RY79583372,0
AC62532911,0
YC45956956,0
FS77445428,0
GX76746477,0
UP84890165,0
WL97910930,0
BS15986265,0
LQ39215970,0
TE52705965,0
NW26465163,1
MJ97097423,1
TT32285294,0
LT21021068,0
JJ32095488,0
IK21485511,0
TI04222985,0
UF55298268,1
WI70390215,0
NU78390938,0
WR30098897,0
LW48488197,0
VU86310095,1
CH16977714,0
UQ70390447,0
LB22684599,0
KO87715257,0
SM48323440,1
BH30616002,0
NM24662952,0
WY00205103,0
NM12037621,1
QR27572046,0
QP77292687,0
PY41493811,0
DW28475304,0
FT39837743,0
KV56486691,0
ZE18737030,0
QT04916557,0
EW92534313,0
SO85507303,0
UG36939999,0
JA10313152,0
KG86330241,0
CW89054346,0
HS51211715,0
OK46879755,0
IH06405806,0
KY10591645,0
ZH96723959,0
GS58129766,1
EA31814817,0
NG91682955,0
RA99791004,0
YH13854710,0
ZK21418899,0
EU34405083,0
LI48274285,0
BD49018536,0
IQ92013840,0
XP84949016,0
JJ01841628,0
JS00416567,1
TW84425591,0
WS88154679,0
FG32437202,0
CK50142348,0
UQ15238586,0
WU50612557,1
DE12757451,0
YJ31004322,0
QS66505659,0
HI02814436,0
HG85720952,0
VV12162329,0
SB61837224,0
EY18066090,0
AK64474160,0
XA43593430,0
BG65419227,0
NK48034355,1
QH31219641,0
VL68866610,0
SM72766452,0
WT44057866,0
SG26388915,0
ZK54452228,0
IO91414447,0
WQ97259537,0
NN77506852,0
FW22914844,0
TH07110019,0
VZ91365921,0
XL39730579,0
NF53979057,1
AC70869541,0
GM13905616,0
NJ68418774,0
CQ28037474,0
CY21930181,0
ZJ30106507,0
PA54802594,0
LE90888361,0
HZ25896099,1
IO67007654,0
XR79621436,1
RH48970398,0
XB94985481,0
GY68052793,0
AP95835908,1
RZ55529303,0
LR86337361,0
ZR82248595,0
JA07812213,0
WT65711464,0
EG45033259,0
BB17513586,0
OH05286787,0
LM39385251,0
VW73856668,1
DY35488927,1
ME22100917,0
RS74926755,1
XP41919669,0
QC33129822,0
HZ43849728,1
SJ89722519,0
SY78448054,0
NU67442620,1
DH42848418,1
LO31316438,0
MM39184358,0
HQ88470342,0
EL31661826,0
LN27674023,0
BM65770578,0
HX90482042,0
MT08662005,0
DY10670359,0
JJ81240852,0
JO37535212,0
XI40284688,1
QL38737165,1
UF46404095,0
PL60016865,0
LF78365104,0
DM52650257,0
RB05058149,0
PL18346410,0
IT02339601,0
XB09113127,0
FB98270583,0
CF08694384,1
FN32422109,0
JD22770190,0
OH88785793,0
UC84617471,0
OQ85458334,0
KD82934083,0
HA70421495,0
FS91858758,0
YV66140899,0
QC81478272,0
EJ73014543,1
UT84707020,0
NQ40871015,1
FU56922390,0
JX18997836,1
EE48639742,1
ZN55941945,0
VK47540013,0
VX70674479,1
XX07442006,0
RK37324120,0
AG75120818,0
UW77229341,1
GI94510637,0
UA61327884,0
ZV96549517,0
DH52488260,0
AO40888642,1
DB06038006,1
KQ35305777,0
MR41578373,0
US61252678,0
SU34297527,1
TR92420662,0
KP16338533,1
TA92459458,0
XT02297280,0
UF56932729,0
HB02549755,0
EK99159687,0
PS06808056,0
VC03623167,0
FT62546103,0
KF73774444,0
FU27128302,0
JI75889820,0
LV55209321,0
MF03228194,0
WC80313485,0
NF57129204,0
UD12625146,0
MG23848730,1
CP17039598,0
FH48962973,1
UU80728785,0
KM51395820,0
WZ62357803,1
RZ26301639,0
KV94888208,0
FR76228346,0
SA47328235,0
MK11948878,0
EM68731000,0
WK08033297,0
IF70350268,0
SM63324224,0
OU66914679,0
VS09030055,0
QT70774266,0
HA19404444,0
WB44900269,0
KP69658456,1
AR99941140,0
LQ92042558,0
VT62624082,0
AP79316847,0
BS43701178,0
EV24091654,0
ZU81748640,0
NI41044752,0
MC56044852,0
WV99850251,0
XG87906441,0
CM68004518,0
YA09551155,0
ET90422002,0
NF90141526,1
QY91020138,0
TF96523415,1
QE50834801,0
PC93970932,0
KM32524769,0
KR70170944,1
IP94658467,0
BW16705206,1
WH33349048,0
UT55158998,0
JE13680408,0
FN12803162,0
GC28255395,0
UK14226855,0
QQ16313423,1
LO31441887,0
PA76366199,0
FN64303345,0
GD15238460,0
XT07238790,0
VM07230108,1
SF29301239,0
EB03319913,0
DQ73188199,0
JJ27017305,0
WI14996502,0
PR04443346,1
XZ10764547,0
GK12386749,0
VL48843970,1
YN65447798,0
JR83941236,1
YM02769202,1
HU53562599,0
KX97626597,0
KW46302744,0
LN34798680,1
IK60724103,1
YT83535669,0
XA42904581,0
MO18373102,0
ZG64717175,0
WV80151060,0
AG33262930,0
SW98435459,0
HY56678563,0
WR27197728,0
AI60890578,0
QF62369695,0
KJ24003361,0
UV97870712,0
EG13156774,0
HT04561412,1
ZS50144758,0
LP84597517,1
CL09695631,0
OM04191388,0
HA08752701,0
OV86187487,0
HJ75641243,0
HV58255454,1
LF22615580,0
UN20968635,0
PW70044482,1
XN06296877,1
VA04432743,0
UK33077136,0
HC26960530,0
ZL41497306,0
LV54096688,0
LL95919248,0
WP16487316,0
OW94422486,0
AG33495090,0
VZ63980404,0
AL49090471,0
AF00625733,1
IG32328592,1
FN09768952,0
TV58499734,0
AV66168878,1
YK57434495,0
SX93077162,1
VB54234277,1
EV02748048,0
KC62753228,0
GJ74203581,0
CA82006613,0
CJ68573544,0
RD29867632,1
GR47078718,0
QI10885270,0
QA06837915,0
PE16019557,0
BD63802129,0
HG59769256,0
BT99123882,1
JK02274288,0
JG18659752,1
FX16758220,1
SH62792397,0
FL07265873,1
NK58963156,0
KB06642364,0
BP57015738,0
KH70503777,0
CS65538923,0
TW74952063,1
JJ09968435,0
WU92396874,0
RU51182853,0
JT67864483,0
YT66520400,0
BG69204865,1
EX89397500,0
LE66322364,1
EF10319527,0
ED83948112,0
MJ68340568,0
XH63605157,0
AK59869152,0
PC88156725,0
RB36313075,0
IG95709167,0
LL99255982,0
HT53349384,0
KE09833468,1
ZJ86631336,1
BV45844246,0
RQ59684805,0
BE32869242,0
KK56425202,0
GA15155906,0
GN88813492,1
GX22948382,1
VU10764264,0
MX97525018,0
CM13370588,1
AZ03610921,0
ZB62823245,1
ML75194020,1
UC09237193,0
RD30051900,0
YZ55167768,0
IU47463875,0
QM03663780,0
XN32686084,0
DR62215453,0
LO77660465,1
ZB92523408,0
TD72879311,0
RA07602638,0
LW77443328,0
ZK37058672,0
RR95345551,0
JW05918713,0
WW99048359,0
XS78295665,0
MI19994468,1
LZ84799146,0
BC91162413,0
FY63579664,0
LX81878698,0
BU19966248,1
NQ28750526,0
PR03738531,1
FI99337271,1
JA99633201,1
AU91936668,0
RD64147455,0
PA75408140,0
UC39910279,0
VU03085187,0
RV77017178,0
LV50982227,0
VN31906930,0
XV49124876,0
KV21118596,1
GV21324758,0
OS77708566,1
QY80842913,0
OZ00854017,0
NY09593368,0
FZ19187798,0
KV11232459,1
DV30196983,0
IM74030012,0
OV91221416,0
HI76583982,0
YY70957682,0
MO85431259,0
QI48480014,1
TO34970043,0
ZS36732287,0
KT21414177,0
UI78499358,0
TI21457040,1
OO87151454,0
VC37687761,1
BN24208441,0
AF20499650,0
VP28791325,0
PD78042549,0
NI85343132,0
MK32426751,0
BD10165269,0
SU55499466,0
AT90282462,0
FG82054668,0
KG72308068,0
YD34252838,0
XB72660877,0
CY81949763,0
OX13555613,1
YM22242790,1
HW40729296,0
VW60800044,1
SC03818176,0
HS15441984,0
ZQ09879529,0
VA82295986,0
QE10923969,0
YP57579943,0
KP20841929,0
XH17888666,0
LB81139369,0
KI82386565,0
HU57702395,1
YC14041757,0
TN77082767,0
WR27957877,1
UI24568000,0
CC51001553,0
OL34829462,0
AP91666383,0
ZR69623685,1
HF50651268,0
CX26113586,0
GJ64975355,1
CM37788426,0
NN56711737,0
SR48537011,0
MW37895951,0
ZG47079862,0
TF73950249,0
VG39383686,0
TH74551561,0
JL17879411,0
AG03676791,0
NU61339421,0
UY28096930,0
DR81460958,0
SR57906337,0
NW19951795,0
PP44049011,0
IK93209092,1
NQ12114033,1
YN25160030,0
XC70864821,0
QB03153838,0
PG11183307,1
TH81996899,0
BI16223682,0
RK70058235,0
WV86360325,0
RF02249759,0
XO56482294,0
ZL22170747,1
XE61640077,0
AJ23604031,0
CM40683502,0
TL91506817,0
RD16284521,0
DU33744861,0
LJ64801338,0
SP48698559,0
ZI79418946,0
TF05219888,0
XY63389929,0
VT83530722,0
GD09207511,0
NK05763044,0
CJ60598832,1
JJ71807124,0
ZA33207734,0
WB59300271,0
MT49505348,0
AF07202503,1
TH05954265,0
OV84584840,0
LQ66957165,0
EC04242736,0
YL82977909,0
SN89081209,1
SD65536001,1
QZ68620967,0
LZ36917945,0
ZD86114182,0
LF53001819,0
JT52690744,1
NG13192848,1
XR86587428,0
SI58681873,0
YV89736364,0
IN55640529,0
ZS45492748,1
IO99568032,1
FS39603917,0
JS97501960,1
TL89381444,0
IL63515716,0
CP12418324,0
UH20234879,0
BN22528154,1
ES41571966,1
PK42866505,0
DM84068583,0
AM20617179,0
QG33762526,0
DP51078953,0
LK77195503,0
WK78407962,0
AG41232934,0
ZX83600297,1
AC44745533,0
YX00703272,0
BB66501996,1
AR44111923,0
RT97666703,0
HW87737795,0
RU68083888,0
NF33963870,0
LJ78253916,0
ES04873882,1
VW83747931,0
WA67163263,0
RH22051797,0
GW03817029,0
BT18265745,1
OJ60190906,0
LR98097117,0
OO42763037,0
SU33568212,1
GV63443101,1
IU93030205,0
JF64641588,0
ZY43074135,0
EK32420221,0
LU13423552,0
QZ45574097,0
WJ19655433,0
SR84183598,0
LV43825266,1
JO16027968,0
WE63033225,0
BA36720585,1
PJ81585879,0
IE96659403,0
SJ66786318,0
XD15251964,0
ET75764494,0
YU97868932,0
WT70639988,0
GV80874446,1
VO23536858,0
JS92794334,0
YC60740090,0
XM61077036,0
KP58561103,0
BW31237884,0
MJ24488340,1
LX68070603,1
CT47017579,0
KN40036887,0
UB37808850,0
FU89195632,1
IH58167921,0
TG68818330,0
XJ68025751,0
GD25751384,0
RR71742266,0
RF84187683,0
FX70472122,0
SG05975481,0
KW57346069,0
OR68586347,0
UM45208412,1
YB36404195,0
WC76150126,0
SF10855339,0
DJ38615488,1
CT80081319,0
OB60757607,0
TM47620695,1
EG32330357,0
VL00652920,0
MC38194433,0
YD63682994,0
NE99988347,0
FJ88098462,0
AE21191139,0
BY24699754,0
FI81006461,0
BW88214221,0
CE11936199,1
JK73903431,0
ZR54285649,0
ZO81090123,0
DN95038214,0
MF34505643,0
NW90700831,0
RS83527482,0
OA68130327,0
EO00759965,0
YI98906998,0
ED32780422,1
AY26590951,0
YT04969498,0
BY45067424,0
AC93603454,0
HX42069571,0
LQ61675230,1
MM85003226,0
JC93492456,0
MM65044619,0
NO08627480,0
CH03988877,0
TY28672383,1
TN73148522,0
QE73254755,0
EN23948137,0
JM89898860,0
KC13218081,0
CS08523399,1
ZM75006087,1
PJ92085291,0
XO47031366,0
UN59209264,0
PB13740058,0
NK54114880,0
IG97296810,0
YR15435464,0
VT03485198,0
NN38426316,0
OW84290849,0
LR33918528,0
PG61514159,0
MA71805428,1
LE68171942,0
TV11389916,0
IA73977582,0
DG05675780,0
ZW25708636,0
UF89510818,1
OX01855367,0
DO32719203,0
WA56064489,1
OD82388760,0
OK31916137,0
JS92392996,0
FN70956850,0
ZR26173599,1
IR41782892,1
LG17691841,0
II48276100,0
HE10040885,0
ER44343906,1
YJ86793651,0
FG40133083,1
CM75241687,1
WQ78423174,0
AL91219873,0
KV61157408,0
QJ86600685,0
GB50127745,1
GG19204098,0
NB53445664,0
UQ28449572,0
OU01008385,0
KK95731104,0
HH01332007,0
XD04409643,0
NT67726038,1
XM19859935,0
ZI13145507,0
VK85640551,0
ZA44884594,1
HV36857964,0
XF09184259,0
KZ08771747,0
GL36098549,0
AG24146290,0
RX76655147,1
XG09184323,0
TD06584984,0
AN73749583,1
OV09635004,0
GJ12560629,0
KZ66883326,0
CY21218001,0
KP59488163,0
GG22034521,0
RR74980912,0
IS87676140,1
NJ03707805,0
PM93779259,0
QF27987154,0
WU63808503,0
ZW50288751,0
DZ72776605,0
QU35719334,0
EM07418863,0
UN99324537,0
JN01609575,0
IJ67843405,0
JY14223336,0
ZD24829745,1
LK71294569,0
IS12017856,1
BP39907542,1
TN84562749,0
QC93276297,0
IU84445797,0
OP54387441,0
GE29642320,0
RJ64443372,1
ZG36690111,0
MC08684116,1
DV56361775,1
EH95614624,0
HN02871202,0
JW23081224,0
CH76328319,0
MW99833594,0
AT80288833,0
VS68631119,1
QB91417546,0
NX88656511,0
ZW38071791,0
KH36885298,0
XE44492320,0
FF35596283,0
EU24025602,0
FG24954889,0
ZK21657335,0
VA53439112,0
NK79095159,0
EN55192786,0
EA78410696,0
TS53050032,0
SU32266782,0
JH54327533,0
PT69700214,0
ZG72575810,0
FE63564842,0
GX46243882,0
AK68327711,0
DD58676831,0
VF07318591,0
XQ80291074,0
SP31927213,0
FA70777029,0
VI15876489,1
ZQ29790266,0
UP06042369,0
ZE99758486,0
RG80453596,0
SI93704633,0
GC94446579,0
HF44146417,0
NG01074723,0
ZS12977161,0
OE69595557,0
PM08174678,1
GY38740084,0
MO33662651,0
PL28297602,0
ZK60119276,0
EY88154518,0
EF63512675,0
CZ86881793,0
UB52791226,0
ZY72694345,0
VS18789640,0
BY17683613,0
ND58632230,1
YT67376542,0
VI93436603,1
GG23170313,0
XH78315730,1
VC97062757,0
QV79355298,0
SO66881581,0
XO59448775,0
GR42511968,1
IM78917620,0
DI13150895,1
IW13709783,0
EC49983792,1
PX04133725,0
LF63058043,0
VE86039566,0
KK09405252,1
CL82943173,0
AS19157641,0
UH76418903,0
AN35736989,0
ED31120403,0
ZO19436575,0
BI47224949,0
IG03490011,0
XU44996546,1
OC66825117,0
HO21275094,1
WJ24295897,0
EU50385680,0
EG32956584,1
DG58108308,0
TR35922624,0
WH21526345,0
EG57696137,0
AV74376349,0
KD13789413,1
YM55513791,0
BS31590572,1
YH53964377,0
FF08602449,0
EG05176083,0
JU64223792,1
XR54288969,1
TP16525404,0
RJ46010754,1
QC48346313,0
IV88133541,0
CS24180355,1
HU65474541,0
GC50622548,0
YT56994278,0
CP29530965,0
UK05137665,0
JP82335951,0
HK47420394,0
MM34270624,0
IZ25242290,0
FD01138759,0
DH84184838,0
RN83721380,1
BU15015415,0
AL77064614,0
BK49509608,0
SV78206366,0
NR88929992,0
UO31111363,0
IO28878969,0
OE31232672,0
GO73174562,0
YK66754339,0
FG14941936,1
NS11752533,0
LC08254383,0
AA78350970,0
UW85055152,1
JQ08339739,0
RV73313711,0
BX58199793,0
AV14866002,0
BD20351535,0
XK26183832,0
XO33168733,1
OV99405504,0
GI63519205,0
QB06805732,0
HB48053319,0
LS47775958,0
SR97785073,0
KE83595627,0
WG39765467,0
SI23760201,0
XI66647792,0
UF88741158,1
AI16247715,1
JD35280397,0
GS59487686,0
EG63859426,0
CI37424698,0
NU62610025,0
QQ97443970,1
CC20933974,1
WA06997406,0
VG55333315,0
VC02175805,1
PN15434404,0
RA79235834,0
NG08489773,1
JY06012496,0
PZ49149988,0
BI19915792,0
CF05529472,0
SR86985169,0
SC66970527,1
SZ53429383,0
FR30476359,0
OV17152935,0
US69563518,0
VT25563228,1
JC26486639,1
UV01159751,0
NJ02230323,0
RI18341585,0
UL25585664,0
RB66786613,0
AJ26279625,0
JX18394376,0
JD33947891,0
KN26918008,0
MB44704491,0
RY61125475,0
GD55043534,0
SJ62508903,0
TK46697197,0
XT84404399,0
TZ99449007,0
TK53466090,0
NG62707055,0
OJ26176521,0
SU20867570,0
WW18736379,0
OC38323454,0
JZ66295530,0
AO07337425,0
FR46702192,0
ZF52697073,0
VZ49832018,0
NR50082427,0
YC17043345,1
QO75530145,0
FO16345011,0
PQ98113799,0
ZQ56703992,0
EL69565378,0
LR41849939,0
PS79593735,0
ZU19969006,0
SK10386890,0
DD13878056,0
CB71237223,0
BF05699069,0
KS76709088,0
DP82893087,0
NC08772942,0
AA34943231,0
UG22118250,0
QB61864859,0
AW88853519,0
PC46495393,1
GL19974264,1
ZI64163948,0
SC33920959,0
JF70593661,0
LI25669041,0
EH62766389,0
RL30882960,0
CD92227081,0
EK35917852,0
GW29973496,0
RE55039825,1
UV67650881,0
CA42797722,1
YM35027606,0
GB36133186,1
QK06800875,0
BH03790559,1
LN99577515,0
BJ91083425,0
IW55989082,0
QJ16095454,0
QN46494449,0
ET35074897,0
AE64779031,0
NH76578365,1
JV10275422,0
BT12971728,0
NJ63165276,0
WZ18595271,1
FP62737273,0
ET13854807,0
YF72090944,0
BZ40652708,0
UL80535745,0
EB97842603,0
QD68669722,0
RZ66299376,1
UB52021218,0
OD60332401,1
XT42532257,0
WS42557952,1
UA68773437,0
TU57990620,0
OJ11308064,0
JB84461484,1
CD03845265,0
DP38996210,1
KC73565811,0
RI46310622,1
DQ35655573,1
QO56050757,1
VD03547243,0
YS07179668,0
JY13975881,0
FB54191024,1
NA73441971,1
RB24574791,0
TA32637162,0
UP80311500,0
RP41468455,0
UA72093940,1
ZR68047722,0
TC80704024,0
CD56531421,0
TK83472646,0
OJ68997614,0
EG24293715,0
NQ97238865,0
KV83442814,1
MN34658849,0
CP07808639,1
EJ41501776,1
HQ82559552,0
JN91652190,0
KZ68137938,0
BC70985129,0
RD13480438,0
SO99839674,0
OL05626461,0
PR46782442,1
XK76982017,0
VG74235986,0
TN88326652,0
ZA51399846,0
YB25896608,0
QX27778822,1
TK40615013,0
WH28956386,0
DQ97243359,0
PY36887641,0
JA26787247,0
DT56618829,0
PT30936841,0
ED39165224,1
XN88274958,0
RG12785266,0
VL43554365,0
HL17299935,0
CB85286750,0
QA15545042,0
RG76438474,0
IZ01453592,0
DF26902734,0
BA36226831,0
IP99282645,1
FQ91411282,0
UC16477521,0
RU62370972,0
PL58883735,0
VU08551657,0
GX38161278,1
RV49282703,0
OJ23547273,0
FH87674201,0
NQ19588251,1
GD20211399,0
TR61973162,0
JP15023241,1
AN76820931,0
WI62075696,0
ZX52824778,0
KV11454736,0
BL34308190,0
MX63835397,1
KD57998926,0
PP08378842,0
RY56412017,0
JZ56157538,0
MR02332820,0
WR87826723,0
DB93299817,0
DR08981026,0
BS81712649,0
AX80332549,0
BY57420966,0
UW38464130,0
UC21860040,0
JE50971008,0
KE55158258,0
ZL73089575,0
IV11337134,0
OS84541082,0
EO08380325,1
UI75790848,0
YW41406252,0
BQ73519378,0
MZ29324257,0
FW35515418,1
AB09676316,0
AY12070749,0
KX69038214,0
IX33460806,0
YL26692753,0
YS65128774,0
XR95513102,1
PY66541581,0
HB13525159,0
QI75120002,1
FM24416351,0
AE90739285,0
UD03497787,0
JJ58981120,0
DA14449204,0
NT72942266,0
XA74037392,1
TN36297461,0
DL00322894,0
SY09860833,0
QZ38080559,0
LC85422389,0
WI88486537,1
SS35677092,0
YK91665367,0
YN02062554,0
RR20626685,0
JF73412918,0
SU96941482,0
SB66593800,0
DS58251458,0
KH95394386,0
TJ71255280,0
DB09721676,0
YC78155984,0
VK75116250,0
TQ69439736,0
SX05150644,0
DH34057904,0
ZS75492208,0
PW54894251,1
KS28702522,1
IN43291563,0
HO36254621,1
HG19174002,0
JC07891938,0
BY05618598,0
MK80615437,0
KY84951991,1
SX59495832,1
MV91233364,1
JL17832466,1
ZF82073618,0
EX24401399,0
RK05778349,0
LH98208047,0
XL76413372,0
DS01992357,0
HA96978185,0
DQ82036514,0
QU95611519,0
PG84034921,0
TL50687894,0
FC78288345,0
WZ52247442,0
WT86550008,0
OL60782457,1
PN72092587,0
FM24742137,1
MG02613504,0
FR63502595,0
AF14380338,0
UJ70754073,0
DD25936433,1
QI42360513,0
ZO05504301,0
VM04684775,0
OW17187033,0
KA50118580,1
MA18278564,1
XB86680031,0
QV09470669,0
FB94922073,0
YB32826720,1
IJ29071703,0
LN96095494,0
LI15837704,0
WP08856603,1
ER77942913,0
CD28210925,0
IS88186697,0
IV61313613,0
FZ81673713,1
BR71868736,0
JQ62333286,0
GN99451500,0
OC63156319,0
FQ91963526,0
YZ58260650,0
JG79245534,0
OT67200419,0
JW60583911,0
NY32258518,0
GS63563773,0
WD88098893,0
EX94735009,1
ZI11435705,0
OL02884312,0
OE16334232,0
QW46419038,0
QJ83762913,0
XN03234693,1
MP67849981,0
TV93071644,0
TP54754895,0
MJ33823227,0
AE33348953,0
GH10538073,0
FX95818348,0
NB02859505,1
SH09528593,0
BJ47937247,1
PR62121824,0
GP00024032,1
PY85014558,0
SF13150792,0
IF09050930,0
LH91405592,0
EP01567572,0
AA37157398,0
GP98479290,1
RF21362472,1
CV03102487,0
NI36141831,0
FM51996378,1
QH56778339,0
VR37281690,1
AX45237908,0
UE10780895,0
CX56237758,0
HV28174774,0
BW22741280,1
TO16369983,1
NV11698414,0
OQ42197362,0
VS72827059,0
OO03277356,0
DO82242295,0
MN56058992,0
BC52539337,0
RJ60963794,1
YM76097696,0
QN03157836,0
RL64191812,0
YL09723390,0
KD89826833,0
LY47056702,0
TP01866906,0
RV39363423,0
ST16543172,0
SH36650388,0
RI16349098,0
KW30395974,0
SC53330726,0
JU29365320,0
DI06458934,0
JW44788001,0
IQ61200262,1
NH20422983,0
FY77803726,0
LP76262317,1
PT63804401,0
MZ58408921,0
EN82396475,0
ZI34590391,0
ZH34682855,0
SY53171956,1
WG15528015,0
PL10383791,1
PR48544253,0
SA89214129,0
OJ89845343,1
HX34547068,0
HH00200195,0
VG00682929,0
GS40778215,0
DQ87943078,0
HH22578298,0
SF14918223,0
KB70926598,0
IS05067733,0
AK54261995,0
NX80224933,0
BE12124310,1
TQ42326153,0
BG16869892,0
OP70008509,1
MD79423964,0
MY27838995,0
MJ49498576,0
KM18249949,0
AT74443579,0
XW95953028,0
GP50640328,0
AK26184490,0
JJ23262505,0
DU99000985,0
XX48088792,1
XI21241353,0
WR58025601,1
MC81056233,0
LB97180218,1
ZE80725338,0
VA91330647,0
MM00829352,0
AW75281390,0
IB02050595,1
FR48271728,0
FX78747968,0
YX01089818,1
DV12551134,1
QH43646272,1
VA83509891,0
YT90344774,1
KZ39279709,0
CA48213699,0
GG93629550,0
RX72289313,0
UZ92569845,0
FX89776280,0
RR25972050,0
IB00453948,0
JV86265899,0
AT34427187,0
GX49737240,1
ZD74049539,0
TA71373049,1
BZ34412147,0
KN88097903,0
FF83142708,0
RF13758962,0
AF86649978,0
JM12657627,0
TR83259013,0
KO21967230,0
HW78275971,0
MN16428750,0
QR70337566,0
FT91200150,0
ZV83189999,0
PS80014008,0
PP14701424,0
ES07705229,1
WM41446689,1
ZO91790190,0
MR00719142,0
ZR43188588,0
GW20320595,0
JM63402998,1
CV54277188,1
NV68697435,0
VE20249417,0
VO22070412,1
XH16762429,0
TQ61218521,0
OH03721376,1
HT36053729,0
WU06287302,0
MU88323573,0
OZ78467886,0
ZY04634205,0
HA60938014,0
TH45686876,0
UG17108312,0
EE58447286,0
SE91268966,0
XR30678148,0
WF53399644,0
HC51588703,0
MT87825857,0
DH81361707,0
PW00987025,0
BR88988662,0
ZU22698377,1
KK60652034,0
ID60623993,0
OG27902192,0
AT19723019,0
EE63980375,0
ME58349581,0
CR34113171,0
OJ06173141,0
TJ32905446,0
EJ67889769,0
EK58133984,1
QP72834158,0
FX66976278,1
YH06043161,1
KK31474426,0
UB86009301,0
PH33854714,1
NA97070680,1
AU38382948,1
TP36862606,0
GX36760820,0
QZ13550423,0
GX43635778,0
AH37414471,1
PA84654855,0
OY67017129,0
IB91602691,0
OC55329297,0
ID16836216,0
WT87155219,0
PP57349634,0
CP09339231,0
IG16967780,0
GG28691109,0
UL60028944,1
WZ76016747,1
HH74724123,0
TN57467837,0
CQ42913533,1
BD45967506,0
TZ61744791,0
RJ88317604,1
KH91704594,0
CE36158286,1
VY64007225,0
HR58620895,0
OF74207226,0
QJ32418263,1
MB90543896,0
RU29522158,0
FP43152717,0
LZ87996181,1
GN57376473,0
MV65710620,0
DR10538348,0
DX03722053,1
PD19589264,0
IN58048668,0
RA34556374,0
MJ40451000,0
XX31890801,0
BW72649354,0
OZ63119729,0
GJ43166489,1
KV41897766,0
XH66943241,1
LA15242645,1
QN00141199,1
XV13927832,0
EX75334087,1
QX11222863,0
AX48312546,0
ZF77944339,1
HC78913180,0
CX88115682,1
NN16213973,0
ID17793786,0
UL19314092,0
QG19904620,1
PZ15448695,1
MB10373111,0
TC44724381,0
NC95446346,0
SK37334265,0
AZ17933961,0
HZ88977755,0
WX39669131,0
LA62003119,0
LH82152705,1
XE64358030,0
TW74140731,0
OU10862914,0
RB57654433,0
OR73722854,1
IB88180264,0
ZO44982661,0
AT44184057,0
PN71169280,0
LF39806963,0
QF00847270,0
KW57375598,0
WA89758725,0
ZU73957337,0
FP71114377,0
VF49932710,0
YW01507342,0
UU37208035,1
AY00828319,0
CE67439390,0
SC31161367,0
TL94596639,0
LM27810229,1
HB71307929,0
KE93985029,0
SN19888181,0
GP77776463,0
BC04225731,0
GT23425663,0
LJ25710469,0
XA33638601,0
HX43965121,1
UM03525014,0
NM89847710,1
NA63062832,0
ZW60736693,0
IA23178513,0
BO25727382,1
PB25029933,0
ZA40943842,0
EY56572031,0
GA68520176,1
LS71889419,0
OD76036027,0
FP05234537,0
MK01022730,1
DP16950712,0
CP96527900,0
DL14600652,0
BA93592857,0
CX68023382,0
VS31087542,0
MY49920300,0
FP48607919,0
JY38604007,0
QT94384591,0
ZX33439055,0
ZY81586784,0
JU48647186,0
YH32054091,0
LC02478051,1
NT99826201,0
DD88192024,0
DU89644083,0
JT72827578,0
FK53438108,1
RO03330960,1
XZ76639570,0
DE73989715,1
SK57621205,0
XN26909653,0
ZV81401099,0
CT34597312,0
KS20352395,0
MO10741265,0
TV58571172,0
RJ29668275,1
QF03217300,0
ZL62167760,0
PJ32614972,0
FQ03815667,1
BY29751881,0
WE35942290,0
VX94340001,0
RQ33028119,0
JO99507716,0
DH53328024,0
MD89543157,0
WW76956857,0
DF34183491,0
UT94008435,0
WG04354792,0
LJ74125082,0
TK84128312,0
NE37492539,0
II64734553,1
OE14206498,1
UD51482636,1
SP90539946,0
VE44624274,0
QY02440907,1
RR13028268,0
UX72755753,0
CC20266730,0
KK36417688,0
VS09470455,1
RW75306118,0
RG73452312,0
MT55838728,0
KS56954754,1
IC18404395,0
CR24528673,0
MF93415372,0
RV33330762,0
PI60989567,1
GO53868045,0
KF68673232,0
DO05639597,0
CT71063652,0
LC82692095,0
EM36923738,0
SS99215668,0
UT78925075,0
DV13453310,0
JS86483796,1
CP23675688,0
JP57700650,0
AC36451436,0
WB30296638,0
WY04130601,1
TN44155184,1
VE64724889,0
ZT70790733,0
BO77192710,0
RG53176193,1
UM17671000,0
EH34958898,1
KR64833477,0
YV69419546,1
GF40762489,0
KW09849001,0
QO00569089,0
TC46150093,0
HS93999019,0
EA59276685,0
PG14279638,1
LA11646369,0
QA46243203,0
LN77749405,1
DG42581203,0
AS77675068,0
LG58493266,0
CV52576978,1
TY75001897,0
XO73852152,1
RN76229285,0
HM05927881,0
OG93213975,0
HX19936593,0
DM19912990,0
RS83466830,0
VT17639971,1
WT08851464,1
CR14324698,0
CD95260858,0
OG29422047,0
BT57530779,1
GM45454710,0
WQ22157179,0
CM14802796,0
IT84289397,0
CW42328577,1
OH06894363,0
BY86453412,1
JS25602287,0
CV59090418,1
AM08442962,0
OP31269100,0
DG86839438,1
DP29466393,1
IQ24777334,1
QA60283180,0
IQ01071114,1
VS13491284,0
OW98569617,0
EN21552769,1
XC28440037,1
RU98799109,0
WO73922224,0
XF93729073,0
FT19742679,0
ZL58627848,0
AR04066336,0
VN86155480,0
TQ26553996,0
KF12848564,0
TR10808035,0
NQ52489058,0
KV98558694,0
RQ35288303,0
RI49947165,0
UF88431794,0
TE85035321,0
AP21362590,0
ZC15095381,0
LU08465453,0
XN74719695,0
VU75921581,0
KH20228925,0
VA49164430,0
QF90595016,0
PY92889402,0
YR60062229,1
HS76295547,1
BV90744472,0
SJ46594225,0
YV64109686,0
OQ49298454,1
ZQ52011261,0
VV23806721,0
KZ75124740,0
BH22141713,0
RH95018859,1
ML44167909,0
RH58644312,0
FY42615142,0
DZ86409320,0
AS34339409,0
WO57269011,0
ES93472986,0
ER81505898,0
HU39987824,0
QZ41379025,0
ZY69952141,0
EZ64520752,0
PR10727328,0
WV85485831,1
UW89606378,1
OG43113738,0
YK23382304,0
FE58672215,0
LT12008507,1
PS30606724,0
XN71827132,1
ZL99366052,0
DE38542812,0
DX62827732,0
XP89653185,0
AE50484325,0
NU51837693,0
BW10311386,0
AX13550575,1
SZ40511858,0
KO48747809,0
NM75632047,0
IP35126700,0
UV10691392,0
TY00842856,1
IK32803294,0
XW75033403,0
UV43735380,0
BZ29364317,0
CN17655230,0
HJ78557210,0
HN75268037,0
DU44070359,0
QS95858555,0
NS09747985,0
YJ00871921,1
XO29028773,1
XU58955405,0
KJ28490485,1
NC40187813,0
JD28991251,0
JK98719237,0
CF23443822,0
XT72522016,0
KF71247478,0
ZQ04890627,0
UL30861286,1
EB02283534,0
RT34688251,0
AW99471294,1
SO01229829,1
XV20233308,0
HZ18200435,0
QI41016428,0
LO92525444,0
XU89020367,0
EC84988375,0
EL85688833,0
DK09594435,0
YX14376079,0
AS47425711,0
LZ60110039,0
WH04830376,0
RH02297508,0
KY73671612,0
EU48998779,1
SN66078882,0
VR18730937,0
BE30546952,0
MP19696213,1
NL72571912,0
JC73315023,0
BZ18776520,0
NU32795383,0
FK00445099,0
MD80410946,1
MG18039248,0
QX52782303,0
JT49302995,0
CP75389449,0
BU57050510,0
TK97209775,0
YQ08127925,1
HK99226953,1
FO08873339,1
VA56699878,0
VL63029103,0
OJ01339003,0
JN85574526,0
QI73592310,0
QE89345712,0
XA45465510,1
OY37600245,1
NH03131977,0
JC64555314,1
WZ57279873,1
AC83137236,0
CC12821199,0
NF98620231,1
VF97396394,1
LZ93234042,0
AQ41952651,1
IS41319292,0
DI06488031,0
BW36027231,1
BE58982938,0
FD22900243,0
VQ97001755,0
ZT98041293,0
KV64361365,0
GB87883277,0
LF73116108,0
XX37374025,0
VX20630698,0
FW40879228,0
CR22894589,0
MD56182431,1
LH10790396,1
KL76496234,0
NJ10490302,0
XS54868593,0
GY58821064,0
VO99855787,0
MG85244286,0
KN80732397,0
CT25488856,0
BH28366717,0
AZ98376693,0
BN30930633,0
RA75044066,1
GF03481821,1
FN23478429,0
WP65200662,0
AZ43686824,0
CE81218626,0
GU01985560,1
XE99695955,1
XB52575411,0
BJ78152868,0
LI11521269,0
WQ40580096,0
CG95343630,0
FL16391985,0
OT94144542,0
WO36627652,0
LD87254221,1
JB38863841,0
OG14742432,0
NZ90679625,0
YN93216257,0
WH68663833,0
BQ05612035,0
MB02474038,0
ET21772113,0
TN36337225,1
XP20165376,0
IO63749972,0
DT29206337,0
XT82998743,0
SE88365906,0
BP02192503,0
DH65174886,0
AD87489194,0
BT85306624,0
YQ63578442,0
VJ06557808,0
LO69087288,0
IY31532993,0
NI19274324,0
LB29442444,0
LC69649357,0
DX36349111,0
MR37327844,0
LH05524832,0
KC44903498,0
VE98156154,1
YC57222406,0
DQ14115841,0
EG63542132,0
NK27050125,0
NU13523967,0
OA98082124,0
EL04701387,1
AB15951828,0
TX67897256,1
VG33999277,1
NM25592185,0
SI83451269,0
YQ25903640,0
WT44326273,0
SM96345919,0
HK72738838,0
VL11580309,0
OS51952101,0
SW81477932,0
SA57816107,0
OI50965922,0
YC54945283,1
DP65498305,0
FQ22589003,0
SR46945247,0
EW21212399,1
VJ62573662,0
IO32211759,0
SH17136373,0
RW62690300,0
OI63981535,0
WP63240934,1
UL15660138,0
AN36529511,1
MB49383061,1
CV70448921,0
CV27698026,0
JE74725859,0
GR74921591,0
AW41510772,0
IE53474855,0
HD87031354,0
NE11192311,0
FE73857704,0
CK53855713,1
ZZ43116259,0
IQ25604618,0
QB77658162,0
BM24400916,0
WR86123838,0
IK74652712,0
XU31041067,0
HK16734606,0
GR97711435,0
QA35465003,0
YR52330631,0
EB12002540,1
IS52152541,0
GU32345508,0
QO40995790,0
PU40215038,0
BU58323219,0
JO52983700,0
ZI85822862,0
CS21538370,0
YO83478884,0
UA97542000,0
IG01212686,0
OE77888506,0
GF69507459,0
TQ16784113,0
YG72212795,0
YY85014656,0
BV36990056,0
JI25495534,0
ME98664071,0
KT68516551,0
GC49752658,1
KQ43989378,0
XL44864916,0
ZU92894108,0
HI53745681,0
WR00693340,0
FX19172025,0
YZ58305802,1
VF05548653,0
XO88897067,0
UP36412276,0
BZ04425979,0
IA00608037,1
TR69354843,1
EF26701692,0
UE26959051,0
NY29095515,0
UT31589092,0
DG12916579,0
KO08365165,0
GL26898026,0
JD34264418,1
TW39285978,1
WD66107441,0
JP25769084,1
UK22750828,0
MO46011286,0
UM26665369,0
KA14896661,0
MN92595468,0
AA80681483,0
YA51379818,0
ZW95761647,0
GK04561111,0
JL33924900,0
VZ09145714,0
XZ22929693,1
HB63123738,0
FQ31405040,0
PL69399669,0
XB23997885,0
IT93295590,0
QB84268156,0
MN14374881,1
HM75576159,0
JT45773285,0
OE47123631,0
ZA03501657,0
GM66089725,1
FL90648858,0
QD48983832,0
QA57060556,0
NZ92681978,0
LQ26585288,0
IZ32635046,1
LZ18641380,0
ZT37868708,0
PE56453016,0
BV35936404,0
DF62707767,0
FE00486451,0
DC36843303,0
HD94723378,0
EC27641568,0
UF85087337,0
RR41810434,0
SK23111532,1
GK46736144,0
FY97107767,0
NK67744512,0
XB30857486,0
AI25898404,1
NV27815399,0
UM67853699,0
VC79360536,0
UI80574664,0
FY73059136,0
AZ55321995,0
DO04509582,0
ZO73844793,0
NY01816814,0
CJ33681685,0
CR95158540,0
QE45140720,0
KM18236323,0
UC04810158,0
XV65124639,0
HZ37715198,0
MV30165470,0
BS48912638,0
GF68709837,0
GR56002605,1
FP51513346,1
AI84060346,1
AN47842507,0
LG50594522,0
QN29166487,0
XL88746125,1
HU85330799,0
KS76953917,0
ZA63253688,0
WF04101959,0
EH28046046,0
RC54024227,1
CB59709005,0
TN99715832,0
LF49537377,1
SK57292007,0
FL00638138,0
RO26334279,0
LJ94268824,0
BS73856600,1
CT48205179,0
JD20731454,0
AN19803623,0
ZU29534697,0
HB16872627,0
ZA56032110,0
VQ54308245,0
RO48234984,0
NV57579490,1
NF08212896,0
RN72862505,0
WV86957672,1
UX41685709,0
NX24055842,0
HL03567837,0
BH13195158,0
GC15808247,0
ER89496937,0
MP55602850,0
IN63450039,0
EA39579026,0
KB66364428,0
QL94203520,1
XA29911742,0
ZK70815018,0
HG65390841,1
NF73492570,0
OT60880801,0
WS66674433,0
SP98777538,1
KQ36607034,0
BI32368310,0
RA73296879,0
GW64283499,0
NI70811401,0
VM85477489,0
VH20445860,1
WW18691571,1
WF81182507,0
OX08962650,0
UF69527982,0
CG79141035,0
XK00557514,1
MA07911931,0
LI96449057,1
KN17908846,0
ZA57911326,0
IC03716320,0
CO83491159,0
ZB85907842,1
JC68364022,1
WN69379545,0
FE74675417,0
XG98027059,0
QW62802539,1
WF21920048,0
PX27019954,0
CY80586871,0
ZU40168339,1
RI61454491,0
RL61460651,0
SK34713875,1
BZ80655627,1
AB07527237,0
VO25647306,0
AY19664214,1
HD15835649,0
QV97640239,0
WM61226660,0
NR33588238,0
TR17028822,0
LP45709511,0
DT79992255,0
XL68991795,0
PK54831103,0
SZ96138372,0
LA52891538,0
RG48016401,0
ZF57579826,0
HW03335396,0
BG30675427,0
LR34594397,0
WE92884990,0
TG03251637,0
GN84395602,0
SW37982626,1
FO45196670,0
YP27860917,0
IK50588675,0
RO36006779,0
PV84902934,0
RQ18073881,0
AJ47185578,0
OF60073900,0
II81460755,1
GN01803091,1
BJ94127009,0
AP11755928,0
YA13850923,0
TW76599779,0
YN51098109,1
MS23011209,0
FP83915214,1
OI99130448,0
YJ87389776,1
HA19714573,0
WT69097915,0
YD72030541,0
KF06240500,0
FW12203411,0
LH88809610,0
XK75306259,0
UN19927872,0
DR03606600,0
EU15026266,0
WV12942644,0
XA41582227,0
XN46303024,1
LJ61453466,0
OW50821311,0
ID99203326,0
HK79933566,1
JN43730360,0
WY73420850,0
ZR58691747,0
PI59530930,0
UQ96928550,1
KX22430664,0
YM13439000,1
MY49370052,0
TV48200746,0
XL06670373,0
SA42280103,0
PU41590410,0
IP08655026,0
NC57112043,0
AE98038700,0
OO88350994,1
LZ03409017,0
UJ49539782,0
SY28880583,1
CP30785312,0
GR71426793,0
NJ09104149,1
NF51177144,0
NO91673753,1
GL95523626,0
LX68843976,0
VA87676354,0
EN37739299,1
LP17637502,0
MM89654505,0
FX77034778,1
AZ77675401,1
HP05436362,0
LR03650971,1
PQ99969630,1
WA04667899,0
DZ50351849,0
SY61085670,1
FH91940077,1
JW51349147,1
QQ98102816,1
KE30140034,0
FV07159640,0
IN16357150,0
GU24016904,0
BG34613561,0
TY92319000,0
OD40452786,0
SY30642398,1
IA44574130,0
OJ19237396,0
QY85927915,1
BF24972248,0
FC74812431,0
YN45520199,0
JE38772945,0
CA13306746,0
KD94549818,0
WO31925261,0
BX01290908,0
RI97610667,1
YY55933721,0
NY51530191,1
ZK87462072,0
YK74773278,0
QQ64522197,0
IX00182731,0
EX01535843,0
GM92792591,0
KU53584840,0
YQ03262440,0
WX05328209,1
FQ46842630,0
OS66984612,0
KE99923536,0
MV51826088,0
PQ18718201,0
EZ58999018,0
HA91611746,0
JU14757882,0
WF86063198,0
XR01390004,0
DK97254081,1
CF74484700,0
KN48243700,1
FN93843186,1
TS29312059,0
GF18898893,0
LS63250915,0
WA45963207,0
WO01901030,1
FZ49257716,1
EY04847524,0
TS54032434,1
JL39803495,0
HT58480589,0
FO50331813,0
NU89525005,0
HK69020494,1
ID28723949,1
TR01401856,0
EF10251912,0
LS40719976,0
TZ11082241,0
LB09290620,0
TL23495263,0
KT47792625,0
LJ98248637,0
YG24714970,0
XS77811219,0
AS95242797,0
LT54202437,0
OE38768822,0
AT66953144,0
YC74278110,0
MX30570328,0
AK61200738,0
BU03311752,0
UQ91925451,0
UV05410699,1
CV03184714,0
CF06092673,0
FE98172392,0
GS31650499,0
DN13428589,0
IC59187272,0
NZ58418867,0
IM86327848,1
TU38783077,0
KR98377820,0
IJ99201585,0
VW53704904,0
AJ11800671,0
YJ98345892,0
BB33505664,0
CK65529249,0
FB21437942,0
RY60757580,0
XJ45982705,0
VE03678013,0
XT75824576,1
QO64694342,1
HS01398260,0
KK27116103,0
GG33011066,0
TM52428980,0
GR68195388,0
IJ93305445,0
UD32801204,0
WI57296911,0
YP06752604,0
PU60046604,0
NA15008577,0
OM10323733,0
FB18594167,0
PX19818361,0
AQ11149437,0
VS74081674,1
KZ59774028,0
GU38568189,0
RA49775751,0
ZP51425475,0
DF59676020,0
FO11154583,0
TZ23410985,0
KT93752755,0
BT58397883,0
IB03638692,0
OP97827362,1
GC49965420,0
OP00545095,0
ZB98204021,0
TX71120847,0
IV79218288,0
KF50672930,0
CK58492434,1
SC59558041,0
WC57855665,0
XJ80038659,0
XI97726681,0
ZR71082606,0
KN38450361,0
UX87545794,0
GA12638740,0
AY40910673,0
TZ23333365,0
CX08142368,1
QZ37020013,0
BF07147590,0
GF95839578,0
MV03829105,1
EZ54665062,1
ZA72493965,0
AY47398932,0
WX84270332,0
JX74765117,0
BV44630187,1
SL35214723,1
LC77522885,1
WV01366844,0
EC99423386,0
JX72881875,0
DM88805503,0
CG58048176,0
TQ13824654,0
SE14459714,0
IR11822418,0
WV95340012,0
PI73357256,0
CI91230172,0
TD81300200,0
QE39054391,0
HS62940479,0
HF00079287,1
AW07045493,0
MO15685940,0
GH30027721,1
JP51590130,0
RX52056496,0
WJ98805622,0
TA61273869,0
PQ36839335,1
HG79264945,0
MP97091267,0
NY38506892,0
VR53418969,0
TJ33316170,0
UV39166509,0
CP63706375,0
CI58051283,0
MN76888580,0
ZU84173321,0
ZT87945862,0
WR32919028,0
QM42509022,0
DM03870350,1
WA19609580,0
WG48489758,0
LE66147603,0
QV18073231,0
UF92750319,1
PZ33894323,0
QD22478638,0
MC98262442,0
RS56670199,1
RY19087519,0
MN52648762,1
TU58400868,0
DE38477997,0
JV23724399,0
YN04016369,1
XJ47520455,0
MO85198788,0
RZ28980488,0
SR08632036,0
QO63525263,0
IE60191637,0
XF73108668,1
TA09854099,0
IN09654595,0
OK35714947,0
CH28823668,0
QD65157577,0
II42756618,0
CR49300730,0
CM41336458,1
EA86198864,0
WG13854520,0
WU95609668,0
IX09720979,0
SU17783684,0
ED37079726,0
BZ80729012,0
IW10834337,0
EG49769314,1
BO25531469,0
OQ93761824,0
FH75622367,0
YW37520957,0
GK98376033,0
GK37406633,0
PL04467894,0
NQ99920165,0
ES42815608,0
WQ03865878,0
LF58317176,0
OV03640721,1
KD11682758,0
PN24635591,1
GP24246000,0
GG49848958,1
SS77593702,1
BB75980185,0
QF24178331,0
OC11265084,1
DE85930450,0
CH75630986,1
HO47394121,1
KS96669464,1
UQ06891571,0
LG61443149,0
ED88396368,0
BN22887740,0
NM49546280,0
SE86738406,0
AV60090138,0
MS68393590,0
NS87287075,0
JR62210253,0
GF11918702,0
RH89187371,0
NO12262925,0
SC98543795,0
QC48896238,0
WF09672096,0
JB18947166,0
FP02049800,1
MP50292679,0
WV29459495,1
JT33038332,0
RR64093970,1
RT15401609,0
XM27746726,0
RK16463830,1
AZ09380025,0
NI10503685,0
PF44737815,0
IN94466913,0
HT64577729,0
MF16336337,0
UF02324222,0
JS99966664,0
LV41095557,0
IE35091551,0
EV13045067,0
LF76174568,0
PA44568816,0
QT62027294,0
SC90908486,0
CI51160085,0
ZZ35821018,0
VZ23355001,0
FG48195973,1
ON28247894,0
GF27775142,0
MV27177125,0
AL85639549,0
IB05304679,0
BW81412005,0
RJ25904254,1
TP93632548,0
CD96280375,0
GB93929518,0
NY02607858,0
NM14133043,0
QH90040145,1
XZ07888749,1
NJ37175319,0
PR26813134,0
OG51746545,0
WX08851508,0
WA13422617,1
YG28378501,1
UC76812004,0
SW23163830,0
AT21457741,0
JK60062865,1
AM18300800,0
HZ00748159,0
UH99073740,0
WZ92243182,0
BN74885179,0
UJ03405924,0
DR02597698,0
KT71511020,0
YP34240602,0
IW69350703,0
KP17063643,0
UA48085954,0
GO72373273,1
SZ69902991,0
BP49958515,0
BI95215851,0
FO28867191,0
BE82329503,0
KK50294293,0
GL59363785,0
EW07220218,0
YS06139940,0
GG78128890,0
IC94965251,1
QD75694469,0
EL57663692,0
AY48780551,1
WS46875852,0
UQ64119466,0
WQ19485085,0
FI41259193,0
WE70729492,0
SI92670606,0
LJ52355292,0
UJ93885704,1
GJ65483111,0
HM51850955,0
KU78743824,0
FJ09237113,0
QI06692809,0
HL48520796,0
ZM29609370,0
XZ84813853,0
MF72211612,1
CZ74146488,0
XI41091507,0
QK33212778,0
RO66140570,1
MH17740292,0
UG04552786,0
XK12611698,0
FD55192511,0
PS19783538,0
FE36356824,0
XY08484962,0
XA10534512,0
AL51877467,1
JE51497868,0
ZR27178212,0
HE71607943,0
KB34003750,1
ZK40501448,0
AL30416942,0
KW53870505,0
DI05001385,1
BV44900721,0
NA85724851,0
UV40767666,0
HB94916086,0
WW01397598,0
YM03488793,0
ZM50199675,0
UN07132775,0
UN58167962,1
GS17239311,0
CI24657819,1
FR50371021,0
RJ52267714,0
JQ81704086,0
YV01818874,1
NK09825026,0
KG61417578,0
JM94173626,0
EN91489715,1
OG91871888,0
VK74805320,0
VV71073240,0
WF51581270,0
AM66021258,0
QO66363415,0
JI77000234,0
UC57839730,0
GA87515039,0
PA93650977,0
OQ57632937,0
HR10498502,0
NA67447663,0
NB79533805,0
EJ98478659,0
AZ67671087,0
GF20834169,1
WK94453724,0
XT00429175,1
CB95696641,0
KS12339378,1
CZ66346059,0
YR79579349,0
CI26242293,1
JC81034070,1
PS67428875,1
MX19797614,0
OF88056519,1
GJ12789165,0
AL64052400,0
RH28573115,0
KW25358316,0
RL12541591,0
UQ07743231,0
RB70828354,0
PZ74961432,0
UC97289150,0
RY23855054,0
RU85015351,1
KV76624641,0
MD60964625,0
DP45171069,0
CU04008862,1
IY66396465,0
QT38576085,0
NY10424629,1
EE83341998,1
SG89860085,0
WI62827732,0
JH02890396,0
FY42385425,0
UO10140410,0
IQ70649681,0
XO98062213,0
QI72015475,0
IR06189520,0
IB66420829,1
JC39807991,0
RO93334657,1
JS84391696,1
JW71019544,0
HT10158721,0
AT91237531,0
QA43732295,1
KZ84842142,0
OT55410879,0
FI66971868,0
MY02478339,0
AK00479932,0
NS27649416,0
QO58400378,0
DP15277192,0
YU57812105,0
NV99655289,0
DK63228583,0
RJ11148029,0
AU03667611,1
OL40579344,0
GO09126048,0
VR76779297,0
BY31504718,0
GO19037172,1
JE73510437,0
MS20145323,0
HT07976465,0
QU25885020,1
HN16228844,0
WN17816188,0
AL65604813,0
GH75276895,0
LZ22598142,0
BS82346625,0
OV16769181,1
CO99863872,0
EX93463936,0
UT34708944,0
RC66541129,0
AG73358950,0
RT51200315,1
BO64524911,0
NK85377775,0
LU81431386,1
ME09802236,0
IH63705924,0
RN77616323,0
AG07478396,0
CX77301463,0
CS19092562,0
SF88375076,1
UL71471767,0
JQ10118501,0
NE46691398,0
GJ65428248,0
EC82009305,0
HL15932882,0
MT36389101,0
ZG02613599,0
RX23843280,0
OA21583077,0
BQ12947302,1
KS67378493,0
RI08865473,0
KR77947479,0
SV82667047,1
DZ88532219,1
LR05255339,0
CJ67870867,0
OR51539497,0
WO09806395,0
UO39037877,1
KR14015460,0
OS01585362,1
QX88181936,0
NZ15591660,0
UP94567015,0
EN17128701,0
HK43456580,0
QC33998741,0
XT95226932,0
UI59394870,1
TI37360108,0
HY88784177,0
GP17433488,0
QI03291659,0
MW75074992,0
LR93452675,1
AJ55222123,1
NE69747942,1
JX06839073,0
KE76089856,0
CZ63716858,0
OM67315747,1
QS51647305,0
NK23155485,1
RJ94112610,0
AZ76552844,0
AN13013849,0
HP18771323,0
QX11079906,0
CK15051542,0
GR76018901,0
YL88888768,0
KL63945213,0
GQ99901934,1
XZ30230366,0
TW11588409,0
NQ04717059,0
CR10768195,0
GE90257196,1
WE77006420,1
OM90033668,0
CE02633526,0
ZE74298986,1
YL15554313,0
YB74122484,0
WW94934559,0
WH26946941,0
SV21653074,0
KI75042449,0
TO27536401,1
LC72933149,0
YM93318131,1
GQ89444832,0
XP91914734,0
AH26646781,0
XO05508648,1
BE76568508,0
PY57450128,0
UY74114129,1
XZ50901024,0
VM69564588,0
YO30639410,0
VW22257451,0
ZE56937169,0
BR24436835,0
VN34951109,1
RI57125027,0
HH90863839,0
KA22149896,0
MS76526895,0
ZL54921026,0
KE41365616,1
UK16232840,0
ED70185629,0
KG66759941,0
RI03247652,1
CK49837492,0
NB36912415,0
AO63665278,1
DO95283046,0
QS00102552,1
WD48060059,0
QT39928509,0
BA36272076,0
DP22534022,0
BB65798318,0
CQ38681984,0
RD61651137,0
FA71568630,1
DJ31328935,0
UQ72505446,0
CR61030566,0
GS99862579,1
MD88662780,0
OG54745224,0
JA05575488,0
MZ75116752,0
QW23670468,0
VI36640821,1
LL06349617,0
ZX95002541,0
JS23244743,0
BF02156896,0
BO80592353,0
CA85583240,0
SU43846124,0
WM92080586,0
HC38615749,0
MZ13433132,0
QA34680300,0
XH43435703,0
DG13627135,0
LY85493031,0
RU55188781,0
ZU26626031,1
YV91135092,0
TG36858947,1
AK29150877,0
WF22611966,0
AY03212797,0
SJ87059285,0
TH38455745,0
OB89664184,0
YL99597347,0
BF58472701,0
HD22134289,0
LN25589873,0
MY52901724,0
YL94197041,0
OU26989302,0
XJ71034077,0
KW02630071,0
ZS55080376,0
TO96531049,1
FO48378131,0
GJ40891965,1
WG77906054,1
UC10786769,0
ME21141983,1
QV16260704,1
QI95610895,1
NN83100816,0
NQ63835653,0
LH37998681,1
TK04015078,0
VT22113321,0
QL58007085,0
UG09539853,1
YP14592270,0
JF52106995,0
VP27436663,0
PS29720491,0
TQ01459903,0
NT60699086,1
JF82797336,1
ZP03001338,1
FK81197035,0
CV06119022,0
AS65261449,0
NT51558920,0
NI84091032,0
JB71916073,0
QT00313726,1
MP76608235,0
VO68556552,0
PR41565679,0
EQ94733105,1
TY82179266,1
RV25863730,0
XX14201821,0
MK65574078,0
KZ61955568,0
MA25644228,0
WT30575282,1
MX19876349,0
ZA95413785,1
JW25074226,1
IH62811248,0
PU41322364,0
BP34042445,0
SY59294657,1
XL92217958,0
GG56645374,0
WP05867961,0
PD17133939,1
BU56367816,0
PM24921950,1
AM37526839,0
DU28990473,1
CO88604416,0
AM10463445,0
EU01702182,0
BY54840429,0
TH65895923,0
RB90160239,1
EI23655298,0
MC08679744,0
GS62054579,1
TT95789545,0
DR28901042,0
UQ28130203,0
UK78246921,0
DF76053752,0
WY08406406,0
TO21605517,1
DM97561782,0
WV86768132,0
JT11023130,0
SG94960629,0
CE54381389,0
AL57046453,0
PS11504015,0
KN61222353,0
LJ92169453,0
BA75277998,0
VL64136289,0
MG02545904,0
TB57906754,1
NG23060178,0
MZ61073054,0
GD38454113,1
ME54164653,0
RV45735243,0
AW78326453,0
CD01496031,1
QA09227633,0
SI88308997,0
KE16832533,0
GH22016513,0
SO88774812,1
JX16378525,0
AR51681178,0
BL85469102,1
UZ12151489,1
FE12180923,0
UV61028835,1
EM62663040,0
TR31365240,0
NY28225349,0
FS96764046,0
RK20493437,0
PD25457405,0
HY88222559,0
CK92297314,0
LB96999583,0
NN40534104,1
PK70504492,0
WA26182130,0
MI13595710,1
XQ29639623,0
GK68453296,0
GB16790819,0
ZP28826071,0
PF96702512,1
DL91772948,0
UY47358221,0
KK17592477,1
XM71096480,0
LC62678815,0
BW52873478,0
NZ89837181,0
RD84098916,0
RC48232537,0
HP79342949,0
TC60833183,0
HV77019337,0
RJ36704962,0
UX44742631,0
XB18148506,1
CZ25581812,0
VS41129875,0
LA87154506,0
IA77843545,0
VK47852928,0
HZ73608712,1
WU32815061,1
DG21588962,0
RW81181282,1
SK44881746,0
NP24505644,0
UN05172345,0
ZB04590826,0
HV75844934,1
CF63376113,0
IS76953255,0
WI02960991,1
NQ78068253,0
YN75380963,0
NV33046020,0
DY56115367,0
TJ95334980,0
DT51963927,0
NM30853488,0
KX04758253,0
UE63777436,1
JW10981863,0
IR48007446,0
BF68336608,0
MQ47460753,0
YV01147497,1
SM30174336,0
WC81476244,0
YT31355912,1
FX83966237,0
DC90108029,0
RI59977924,0
NT86583648,1
WM44422329,1
OO24107279,1
CN88586375,1
MR15473405,0
QP01405832,0
DL34010924,1
CS68603681,1
SM73686263,1
TO37468746,0
FR10493676,0
QG86514198,0
IO00844448,0
VB87320863,0
IB87675805,0
SO96433855,0
RB58622195,0
IV85724502,0
HF34397761,1
QA86356155,0
AL66640694,0
YH35191321,0
CT96936921,0
PP38463826,0
PR18603167,1
DN64743126,0
MN31652568,0
NK15042339,0
YD79426534,0
LT64940201,0
VP14570496,0
QY88535069,0
MN80146195,0
DV20970685,1
EI50767955,0
GO55239914,1
HO22162736,1
YR88203166,0
QX95224950,0
ON69167324,0
NE33254979,1
LT27570874,0
WK23157609,0
YF37848381,0
QJ08092843,1
VW87721341,0
VS13429740,0
ZC85993288,0
EU58121212,0
WY26662382,0
TE48140115,1
FE01472889,0
GK86647796,1
UA84283212,1
TQ49687420,0
MB03645242,0
GW65169966,0
XY46185585,0
VK20494682,0
RO85345442,0
OP38852784,0
WW71561935,0
XY84605205,0
ZU01436294,1
KK23532649,0
LW66202188,1
TC35860462,0
NJ76493669,0
JO52687720,0
XY65101652,0
QQ95366548,0
EA53903584,1
CC02692462,0
LE03068975,0
XM89538896,0
IV86879331,0
RX55424124,0
FC68789367,1
RI19504626,0
QH69968509,0
EQ33402512,0
WC83606002,0
XQ38186951,0
JW42872386,0
QC37422792,0
UQ44113726,0
YA18638626,0
UJ89581555,0
TL76736107,1
KN07218502,0
RI05318338,0
QM29525706,0
QE76764196,1
MX34504068,0
PR18925822,0
CY35869573,0
ZU78971104,0
QC20059259,0
MO90644311,0
ZF16585496,0
BT50771693,0
MF63291857,1
GQ41352806,1
AG57019260,0
WX76158878,0
YE78878733,0
MX07247032,1
AI00977350,0
FM97249781,0
KN11566472,1
CE04526175,1
DE35877711,0
LB60828261,1
MX90238672,1
YH07120613,0
BB46241007,0
RD46660211,0
HB13565482,0
IB61740567,0
KB24660938,0
ZD63705853,0
CS60916799,1
KN84075204,1
BV48714551,0
NK20004714,1
GJ61634850,0
JV81620448,1
HW19701087,0
JL41391621,0
QB85267634,0
IT73441795,0
SE65975905,0
TL33374565,0
RV95238904,0
HF02820326,0
KL94514631,0
NL36731166,0
BV57575207,1
KU89866736,0
EE24534458,0
DX60205886,0
BC65038206,0
GO01184203,1
RL53816128,0
XA22738895,0
XL34226583,0
NX78396633,0
PD46704048,0
AR63625188,0
QF76859700,0
MO01902477,0
AT98107360,0
KE73463278,0
MS60022443,0
OI63980612,0
ZP70336158,0
GR22788131,1
GI43869383,0
LX38199790,1
VX77733726,0
PE35893874,0
XQ89464783,0
EZ05004560,1
XQ78047534,0
OK31687054,0
LL76091858,1
HI51423397,0
VQ19431801,1
US38948144,0
VD21105314,0
TC17198631,1
RY39190173,0
MQ27284426,1
MN46913542,1
LU00389843,1
BY74709474,0
LQ86516531,0
EE90024866,0
DV68038593,0
XP82984521,0
DU85219742,1
OM54755499,1
UF98557333,0
UM95085696,0
NU03853466,0
ZP30091169,0
ER93426510,0
BK31017033,0
FV43309115,1
GL78435217,0
YZ70766665,0
NS13339164,0
SF18807369,0
IY26635161,1
IE52977954,0
UW15028259,1
ZW19772732,0
QD08241103,0
LB86814600,0
FQ78020009,1
UC18644578,1
DV64404930,0
IO75698138,0
RG56620911,0
EK57342397,0
KP91277712,0
AE54599315,0
UG04096022,0
DQ07268566,0
ZD45485466,0
BR22200112,0
JZ05721418,0
IT44054041,0
RO24196507,1
WI24395139,0
IP54853733,0
EL05560528,0
XM18913910,0
TV05404597,0
OQ14728818,0
SM95450992,0
HP00378934,0
AQ15165330,0
AR55592622,0
HQ88762812,1
IN25422118,0
RQ10928209,0
NZ99055537,0
CX91076602,0
BX82444054,1
LB46514132,0
NJ43030746,0
YY37400467,0
BF01979924,0
VX82995472,0
RW32308723,1
JP33251922,1
CI49740247,0
ZO09831043,0
UC41369017,1
DR27646133,1
KU72193136,0
WU50777412,0
IL66994766,0
LL11547588,0
UC41899991,0
ED41546676,0
ZY06589206,0
XX16938776,0
TF59463676,0
UJ53442199,0
CW37913910,0
DF14623059,0
BQ50656797,0
KA91153223,0
VT96256026,1
HT36167538,0
JG79871717,0
YY21036046,0
ZS84188928,0
TE89894786,0
AP46237977,0
FM79610637,0
QT55294274,1
GV86518075,0
VB80641155,0
VI10700215,0
IP40769795,0
VR14664936,0
SM53017654,0
ZM32651892,0
TQ92455921,0
ZO17304997,0
MF34025121,0
MJ51972051,0
BU64504944,0
QK91220727,0
PO27520829,0
HZ92823926,0
YO87216073,0
FF08575616,0
FS47325062,0
CB82120412,0
KI84537814,0
UF37380472,0
OC58327388,0
YR46844949,0
FR91216221,0
SV64386375,0
RP04822416,0
HP61271229,0
HG96672792,0
VY10688740,0
GX03528664,0
IK89437252,0
OC91124558,1
CS67552065,0
VV79461977,0
YC47531637,1
YM62660813,0
BT64127688,0
IW53438542,0
PM93216247,0
SS17713385,0
PS79571134,0
CV16629648,0
AX78082880,0
YA08636610,0
YX18022032,1
LX22879803,1
GM34607505,0
KL62317610,0
EC22265848,1
FJ53253362,0
XR01511882,0
SU36757256,0
HW16161033,0
YD68325168,0
SX27430651,1
NQ62008712,0
ZT98739848,1
RD54549306,0
EG13121056,1
YC40201937,0
RA51776118,0
RY58992970,0
ZV42520476,0
RZ69451668,0
EA60241749,0
OW76770419,0
JF73406443,0
FC51132781,0
JQ52352682,0
LZ26437822,0
OY87468496,0
EQ89650362,0
CJ33992415,0
JO92191699,0
RL44111854,0
GD78459207,0
FU69120352,0
VB06108201,0
QU09115171,0
TE05656826,0
MR97184123,0
ZN63784224,0
BL32084714,0
PB96682033,0
AZ70570243,1
ZR61086847,0
JP01001834,0
ND44877193,0
JP88131797,0
KQ87500003,0
WJ96440257,0
AE25189064,0
SH47605353,1
ZU50909885,0
CS22905659,0
MC56959778,0
IL35125406,0
EJ99269183,0
MX43436656,0
SW49056266,0
YF15204693,0
BX73148641,0
BQ77356647,0
FZ54530043,0
IT64488548,0
NL56401135,1
NS02132540,1
CU29405622,0
ZJ54718198,1
KX50960552,0
FY33691497,0
KQ19724397,1
GX83748092,0
MX69581327,0
ME86673828,0
QM15197255,1
MZ43750897,0
HX20798542,0
FC16768807,0
XB38623714,1
WT60985457,0
LZ71882797,0
GU11528062,0
TR43829842,0
XV33514868,0
DF51813126,0
QU64457068,0
JA74903565,0
YM37260255,0
QK69780135,0
AX89967815,0
SL89887670,1
AM98896621,0
YL56691811,0
IU00746195,0
FY86543792,1
TA89299925,0
TB15637166,0
WK18433265,0
CC72511752,0
MO83522115,0
LY28185834,0
DN27311353,0
PE95367310,0
QO67077295,0
ZJ15739604,1
AC02697004,0
MS17364384,0
CF77773655,0
OM42284480,0
YA29736692,0
TB14195462,0
TX14021769,0
ES33780747,0
BD73152293,0
DJ13770303,0
RS08937793,0
LX01113739,0
BU61331358,0
CU69251755,0
OR05862937,0
QX44881384,0
WG32005476,0
WF00720626,0
RC83585932,0
SV99891272,0
XY89198889,0
TK67942033,0
CR75720886,0
UO88302747,0
MW23851520,0
VF22111870,1
ZV62986625,0
BW61346808,0
NN02694992,0
RC18015564,0
YG49027435,0
GF00237249,0
UY89763880,0
UC19763421,0
JG16668074,0
UF03303294,0
FW59671972,0
IR09703055,1
IN50205880,0
BI91175181,0
JO55630596,0
LQ20997839,0
SQ32020242,0
PX23816713,0
SC95632785,0
AG05527614,0
KI37263217,0
YS54336682,1
TJ20824479,0
AD84059101,0
BX28029815,1
XP63651722,0
BE31019168,0
PF19919637,0
QM00277435,0
YN82891364,0
TN21623633,0
YM97935527,0
HA41284240,0
UL56757087,0
UW93907189,1
JR21061641,0
SK12223229,0
CS93615318,0
IC18778584,0
TN59980193,0
DY82666771,1
KG06967689,1
JY84028589,0
FT81421618,0
QM94134679,0
EL91490888,0
KL68764870,0
JT11293991,0
JO52139655,0
HV88904794,0
VI36450646,0
SV53441247,0
BE12483501,0
CC41231156,0
NT93362994,0
AL90679989,0
HL05492192,0
XJ25296248,0
WS32870879,0
ZT09269571,0
VR60545847,1
JM19064151,0
FA08704399,1
LB75908013,0
KY10308685,1
YH49531063,0
WN63412037,0
CE38048647,0
NB69477573,0
ZO54521287,0
KN32913256,0
AS11643111,1
MR66231201,0
FA24715798,0
EK38021325,0
XD02735328,0
NK72625613,1
IZ31259392,0
UN49408900,1
MN20867528,0
MZ17392426,0
RV46300249,0
FG44606546,1
UJ43294524,0
AX75525778,0
OC23049544,0
SX58454763,0
JE76754872,0
BE17376435,0
WG02621812,0
LE20281918,0
BB94572209,0
KU45942107,1
TB97174579,1
EM77996329,0
QN54155423,0
FX12661005,0
PS83839159,1
ML57282493,0
BT70861345,0
TZ90874025,0
OR31912764,0
XC16117808,0
AX96347873,0
QU98820589,0
QM87325858,1
MC27243355,1
OO21522420,1
ZH86438629,0
XC58654249,0
LH16006984,0
UO95232612,0
WF37472181,0
NS99374113,0
BL31010291,0
AQ17252724,0
WH29342889,1
NA21688781,0
GA56287271,0
QK77708624,0
CG80817266,0
LN86575364,0
ML64053590,0
CW45562607,1
HQ28685857,0
EH95587583,0
NU27158682,0
OA27405069,0
SY92174889,0
YU21229635,0
NY31739345,1
WO16598411,0
ET29715726,0
CF69405461,0
QO86091242,0
KY11314178,0
TM91798257,0
JC11203768,0
XU18425397,0
NF21090987,1
LP34646424,0
DI94828160,0
RG44671138,0
HS64469250,0
HK74265858,0
PI78684976,0
DP00788238,0
EJ45050411,0
RA62299025,0
XB07914547,1
VA98876353,0
KM42158189,1
DM82628859,0
GI01050164,1
FH77912964,1
QW78969671,0
EM72075725,0
CJ40434712,0
FY48171566,0
KN79616324,0
DX27217072,0
NS64140904,0
SN25496909,1
QY31393813,0
IA38373492,0
JP76290828,0
QW46201200,0
AY20459452,1
SR96907825,0
BY18931374,0
VB75661789,1
XN52228845,1
UN66030507,0
AX40548549,0
DQ87763587,0
GH98158762,0
TR10717192,1
UK75106695,0
TF32625577,1
NP85091578,0
KI25018046,1
WL25711148,0
IM21897124,0
XW14451617,0
EJ22458174,0
EX69192893,1
TW28038087,0
ZF98798404,0
LL02546211,0
WM03883928,0
NW01724682,0
SY72867760,1
DA63491685,0
NJ53257169,0
NX08008779,1
ZZ09196439,1
DO94782247,0
NR86495351,1
PU79611333,0
WJ71726075,0
DA40315627,0
JF97769502,0
TZ81673089,0
CL06453822,0
GN02872295,0
PC08547948,0
SJ17552174,0
FJ32161819,0
DE07123131,0
OQ70648642,0
EK22940109,0
TA02090639,0
MX56969649,0
UH52475055,0
GS81472904,0
LB69955447,0
SZ90117583,0
DI11390625,1
WS65869248,0
MY91525092,0
NS03381916,0
VV54157732,0
BN68866924,0
XB01691373,0
VW31359058,0
AY97507104,1
OF94117341,0
OY12850227,0
WL68833397,0
CI76158969,1
AF15059662,0
WB16558958,0
JB10147041,1
EB41442760,0
JE96672001,0
OU23800750,0
ZZ79449680,0
ZH18614977,0
XY83849857,0
PY66409212,0
IN18768704,0
WT95881124,0
FT61334697,1
EW78171581,1
MQ96865045,1
XS82273968,0
XN54205091,0
AC59949437,0
YP86250142,0
BE54618959,0
TQ98180689,0
PX72854636,0
JQ28645014,0
XL03191256,0
GC40736799,0
TD61112261,0
TD91956587,0
DM92661954,0
WC11593447,0
HG54978660,0
RD91108069,0
ST93596729,0
XP19162830,0
TC24865863,1
UK33172941,0
ZE21903968,0
KR70405185,0
DX02749813,0
EW81643816,0
CL32596505,0
VX40509037,0
UI08946597,0
RA34972327,1
OY63200350,0
MF28483286,0
UK08427112,0
LS22777137,1
CS99871939,0
GF34684779,0
IG64026400,1
UZ12786424,0
AF29586580,0
ZU15334717,0
ZO15582498,0
GW24839995,0
MC07633934,0
VX40058727,0
KW73699901,0
NJ76863502,0
EY32714229,0
BO35338234,0
GG56315465,0
SL18697245,0
NO94957447,0
ZB40712287,0
MH10970839,0
VW88128578,1
MK24286520,0
DK29085933,0
OF22645708,0
TW45336763,0
NU44428812,0
WS04647442,0
UP75392488,0
QK76868358,0
RK87279585,0
BN06151084,0
JQ84329984,0
GS13342372,0
XA49494970,0
IC47376810,0
PB30654501,0
GP37441242,0
ZC62968128,0
YJ70885783,1
OX27691165,0
CL49862002,1
BK46469160,0
YF27696481,0
EU46175164,1
VH67998776,0
CG30920997,0
UT75086067,0
LU66579174,0
XM60592531,1
BD43982187,1
PC00598827,0
CV05588782,0
XK48420097,1
QB29138237,0
OU59224374,0
PS37034008,0
TG09172322,1
GU50466953,0
LO17262807,0
YU15836502,0
IK46093717,0
BF88796805,0
US66103537,0
FM50638847,1
BB95870923,1
CO96894384,0
GL25573579,1
PT14283721,0
OM72753603,0
II15498281,0
PC72688889,0
RN54793036,1
IP97046474,0
DC25671302,1
KZ11300730,0
UD98775120,1
HH82892359,1
FZ95218398,1
PP08692659,0
EA53637352,0
CT81563144,1
PC86992393,0
CI63074334,0
NI23390777,0
NL07836841,0
YR08187727,1
HX53076072,0
NT26669581,0
KL05535244,0
UG24992679,1
QI41858314,1
MI85937582,0
UK01492135,0
YA70328771,0
JP68562656,0
UT76981204,0
OG19980620,1
HG70804221,0
ZO14629045,0
CF17908024,1
JX61423001,1
YS59196802,0
WE47298513,1
HF16465615,0
JT31625379,1
OO70170870,0
NC42570063,0
HS32656742,0
GK20822409,0
PN58892862,0
IZ42396564,0
LT37100218,1
TN76073639,0
JA60106699,1
EJ45382773,0
ZG00134286,0
SF34672723,1
TK50712642,0
QA97998813,0
VS35851880,0
ZG95254349,0
QL58221664,0
XF98669883,0
DX49255353,0
CO60058598,0
RW12522022,0
YQ54004035,1
VA70520439,0
KR03393550,1
LH44550192,0
OI54490535,0
DS89608410,0
DJ04706391,0
DY84141237,1
SL40360996,0
IC71992493,0
YC55314133,0
PJ03467161,0
RA13338902,0
QJ41918083,1
LX26549192,0
OW50884172,0
NW54151487,0
GC65826321,1
AY79534755,0
MZ40148480,0
DC67527589,0
MI79884042,0
PZ96699339,0
EQ87304304,0
VS69033256,0
NI81150493,1
WO67811496,0
CO35921941,0
KD82957785,0
CF73112692,1
HU27557011,0
AJ43085080,0
OT41996417,0
QS37258819,0
IE82646567,0
WR16766653,0
KW15015776,0
CK26371933,0
NL02227110,0
LG32073507,0
DR41924829,0
VU09681885,0
NJ52377330,0
IZ28066307,0
XM50798841,0
HZ01969280,0
AB60499744,0
CR85726004,0
QR80762328,0
FC98764521,0
YU18710813,0
WL67408175,0
JZ83217824,0
VZ52895961,0
QR60186735,0
YA50220222,0
KF12994167,0
LC50580001,0
TS78962295,1
KF38233348,0
KK70412602,0
TP82542197,0
JF46118505,0
DD06886258,0
HG12350576,0
LG58111549,0
DK07453963,0
JY33212505,0
UZ18252775,1
BH48618773,0
SN04527009,0
PY56903585,0
DX70071150,0
OS58461644,0
RW13210493,1
LF12615758,0
JD13681402,0
KW80675412,0
BB98065792,1
BS56779601,0
JR26052821,0
BR24469677,0
IG97567599,1
NV03168412,0
XF96024096,0
RD09583069,0
LJ02930242,1
QG26648488,0
LA31145247,0
YA33236135,0
CZ22970506,0
VT47349412,0
BL93213212,0
EV30222409,1
DE75132898,0
DS58858640,0
XC71485790,0
XW23932226,0
KZ67847669,0
AL11648236,0
LC77831338,0
OC56922247,0
MP45142558,1
PP14629717,0
GZ49517313,0
WP49337976,0
OJ75127219,1
QU09028296,0
WD05519276,0
ZD03616909,1
LN01347365,0
VE40168330,0
WW22652270,1
UA05997655,0
GW61938926,0
KE55644174,0
ZM53048133,0
IH53497618,0
MF84978087,0
BY37240389,1
BN76845525,1
DQ29109642,0
TU70092234,0
NI74405515,1
JD20420302,1
OD08509627,0
EH26489749,1
RR16364130,0
UV19703318,0
XD30450189,1
CK04410555,0
GJ55407732,0
ZJ28059042,0
BI85099371,0
KK46819939,0
UD71884671,0
XK66827928,1
YB65763119,0
LF99096361,0
GO23018984,0
VR36952177,0
NG03520000,0
VQ18128506,1
JH84067133,0
NG28617146,1
IQ08737674,0
NE24009934,0
MJ99170107,1
TU78537426,0
RJ46990316,0
AX06510364,1
PD13500869,0
CF45728089,0
OP37374292,1
BL99847339,0
GR54992060,0
RP92951400,0
FW54666958,0
VY09142799,1
DX07215189,0
KP80873932,1
XT81628805,1
EW25744345,1
PG06372821,0
PA72780614,0
CB85603366,0
YU48002509,0
CJ86162375,0
TI49858308,0
MJ93124386,0
WX16603532,0
LD99471979,0
HJ45537365,1
FI24219328,1
YI60109518,0
CK15597267,0
UV81459503,0
BI69234122,0
HC71766943,0
IB59962646,0
JB83733824,0
ON00243433,1
HW22157833,0
HI00757261,0
QL71766406,1
TB07749837,1
JX42990341,0
IJ83402757,0
DU30494877,0
XY89097031,0
BT53811961,0
NX98742114,0
CU85323387,0
KT00635394,0
TY73151023,0
LL12816118,0
FC69256358,0
SW23627087,0
KX74234116,0
AW52973119,0
AG20222441,0
WE25859937,0
FW47296740,1
UP54224010,0
VL32404142,1
HC76823084,0
AR85374466,0
UZ82335130,0
FZ23386423,0
JR55383864,0
YQ85738214,0
SY66255935,0
BM69727308,0
UT87813160,0
VU27188006,0
MF90563549,0
EK85396896,0
ZW16573200,1
KL51117001,0
IG13959816,0
IP73913298,1
ZA13697827,0
CS14897762,0
EA57917684,0
KR67526784,1
JE33028545,0
EQ41822629,1
VC57382472,1
WG74041936,0
PR37093261,0
CS19882191,1
FT47463470,0
AW73085956,0
OU66942735,0
RO43655681,0
QK32359234,1
PT93949607,1
BF60923952,0
TC65258359,0
TF10157948,0
CR70770175,0
PR50411884,1
NY96594538,1
KV46956567,0
EP23592694,0
OH59139893,0
DH05703873,0
SH40816973,0
NT67458891,0
AV75284183,0
EM12258465,0
PJ76214157,0
GZ56220632,0
DQ27742548,0
LZ18303745,0
BN68547726,0
HU36343103,1
SM87447546,0
BP94702201,0
VA50225922,0
ZV48980213,0
WZ93043869,0
RD26463577,0
OY24392123,0
ZE92592523,0
UL87650343,1
QG02595553,0
YD53113368,1
JE49652914,0
UZ47320569,0
AJ75722074,1
ZD62064123,0
FK44980114,1
MD08507581,0
HU00636812,1
LV71274210,1
MA61657457,0
KN54123066,1
TM50244083,0
HV40161124,0
DU88885461,0
MR30116648,0
YI03605263,0
XE45653545,0
RP11924198,0
GE70176975,0
LM85685884,0
LQ11865839,0
KV04908739,0
JV97727087,1
AJ68525004,0
GM33030947,0
JR81985161,0
YB94142399,0
UP23804256,0
TM75330807,1
MP64278401,1
TU95454133,0
BA36700796,0
VL36255303,0
BU99579553,0
DA85331885,0
CL83320438,0
UN99731512,1
PE94760881,0
PE25497839,1
CG50667034,0
XW77220280,0
VK16199792,0
YU33989066,0
OY60960274,0
UA76406803,0
UA06517062,0
RW56273947,1
CX19907040,0
LC88190313,0
CH38116815,0
BF74111526,0
RN92323993,1
IP05971428,0
YB46263415,0
XA94883467,0
LX40966769,0
QL86987971,1
SN33965544,0
QM37755068,0
NR89142901,0
RS46304788,0
IB98219340,0
VO52089565,0
EF40265104,1
UI79075258,0
RT54445261,1
NY74034938,0
TJ21142344,0
XE71235481,0
YK73720582,1
WV39294852,0
WN62612643,0
AS41950748,0
UO98050283,0
EH17370129,0
DY13927074,0
XA03260604,0
CN54469531,0
WX46623356,1
TE51964020,1
SQ42086744,1
CU90721274,0
JY85574702,0
LT86819573,0
OR13262938,0
YK36225293,1
MP62561374,1
PW37240462,0
KC20609566,0
HN47316971,1
JB37373487,0
LC43789254,0
QN32700555,0
ZM84170394,1
LD14856999,1
JG95102889,1
SA16512202,0
NN43893026,0
KI94738396,0
MJ08110074,0
KF76245150,0
JH14284983,0
BT96938894,1
PK80239645,0
MB46965907,0
UL80136853,1
IJ94093126,0
LQ71811640,0
OZ55512432,0
PT46631296,0
WS61104753,0
QK30488455,1
TD49521285,1
IF20148627,1
CU48903449,0
QC71196064,1
JS20993667,1
AP03515770,0
WX32867351,0
KS55513260,0
CQ88663424,0
BE89152881,0
YL39086426,1
AG30183317,1
FE68999683,0
ST51813376,0
SA43132158,0
FR81251588,1
KN35670705,1
KA44863681,0
QR56175929,0
HI13125367,1
QK78843977,1
ZK61677721,0
GW31556538,0
YK58653735,0
DT84335168,0
MP52385158,0
EQ25339868,1
GZ69115543,0
TO11423540,0
XA88659036,0
VU31818524,0
BU14933401,0
HQ44148474,1
EN26456047,0
IX81464529,0
MN26705920,1
EC80592403,1
EG91981697,0
HP95199298,0
GI25494923,0
FO87912820,0
TR81201584,0
FL91387575,0
BL87155041,0
FG34680390,0
ZR92776443,0
JJ04009753,0
CV71023394,0
OV12476851,1
BP77427748,0
HL24264919,0
GL56892430,0
YJ35831306,0
MV70919152,0
GZ10138100,0
CP70378303,1
CE11146631,0
OH93161622,0
ZJ97018051,1
TV07375729,0
NG34931006,1
PR46459036,0
YA44999075,0
EM09536925,0
PV23495550,0
MJ33313722,0
ZR55441777,0
VV59879165,0
NY44315596,0
KD19680584,0
EF75968037,1
XO32517369,1
HH60126726,1
ZN99783569,1
HM27475952,0
BW56639828,1
ZF06401311,0
LG11272728,0
VI42249944,0
BY48430625,0
AK45909382,0
AE51247202,0
JR30061054,0
VE43360779,0
YY73671805,1
BN47660486,0
FG48317659,0
BH48284179,0
SH54275900,1
MM86320285,0
WS15075765,0
AU25902787,1
FU80118973,0
EQ56234794,0
DX17767750,1
VU48218256,0
HP17622623,0
NC29366491,1
XD32939590,0
OA06689545,0
JP66024745,0
PK10635125,0
KL37640159,1
ED59239671,0
NY82626963,0
RS86733271,0
KY02930427,0
QM14668122,0
UO85151423,1
HU43652422,1
SE35249609,0
PT11290957,0
ZH49471140,0
IC57122544,0
QU36935013,0
FJ10108963,1
OX50809438,1
PC40691663,0
GM27062305,1
PC57974757,0
XK53952640,1
QA42180247,1
ZM00846104,1
OC30404211,0
CE97566055,0
NA80634035,0
WA57153318,0
ML22954910,0
AB76327539,1
KO94883331,0
UN44855233,0
GZ34796134,1
RG27673353,0
WY72783321,0
EY81979960,0
EH59219561,0
YM28846825,0
QH96512069,0
AR66518913,0
HE65861480,0
OK82857238,0
EE94698477,0
WB70453838,0
YX21308481,1
UO85458251,0
AB46670348,0
KA04838488,0
TM32502725,0
UK46048833,0
QV86874792,0
NB87555988,0
DG42415569,0
ZZ05799067,1
SG95866114,0
LT22018213,1
KG53930812,0
FH51694510,0
ZC64296712,0
HN05590973,0
EM09319726,0
RT17054816,0
HB82685791,0
KQ85227491,0
QE68243445,0
IZ58864425,1
UD91487397,0
IM74397708,1
MV07146164,0
KY80039012,1
NO94793828,0
GT36422713,0
YB35187060,1
OK34781481,1
UV14801996,0
OH96139447,0
GJ07575726,1
II99987049,0
KM10977991,0
YD27074683,1
HM93288009,0
GN70245098,0
SW20192507,1
DR30585280,0
NQ91958634,0
FL20138555,0
BJ92618080,0
LL39821710,0
IQ67969813,0
JH42713110,1
WG21201227,0
KW71659591,0
AA98825126,0
II70703837,1
JM75451215,0
KH05707577,0
BR24698175,1
VA98623195,0
ZZ25792043,0
PV85156045,1
AD11433913,0
AA54845201,0
ZI44745677,1
VY82453953,0
OP85844875,1
HE44900863,0
FN49207117,0
LB57140902,0
ZI21919467,0
HG64210442,0
FO96740723,0
VP57885446,0
OV25570978,0
YI28405025,0
RQ98041351,0
JF12460622,1
CZ86580926,0
IX73560784,0
QI52978076,1
NO06263434,1
OZ19563015,0
MC88824747,0
TH66350469,0
HN99635063,0
YM28645185,0
EA39724666,1
FA52093654,0
SM21874077,0
CL87978358,0
HP74727539,1
VJ24772253,0
NK31180844,0
JU17154547,1
OT33815952,0
PF16404161,0
CN36584962,0
VN71761602,1
GL99940320,0
BM06725821,0
OA35961333,0
PF60700079,1
UT67531777,0
GM75463966,0
LO05888729,0
KB65029462,0
LK24614630,0
LA04855260,1
DZ05078556,1
SU57282699,0
PK49066744,0
VL68131018,1
SE01240260,1
TC34963656,1
JK17959826,0
IB62328479,0
AR44216872,0
WC21522136,0
NI86707047,0
EQ40472019,0
TN48081524,0
UY45815199,1
VX80526099,0
LA79171094,1
OF23537988,0
HW80000663,0
DL12769576,1
FS20079447,1
RF33950929,0
QG96035874,0
WH49191419,0
SX49162044,0
EK39856921,0
GD21075386,0
QE91166938,0
PL05751109,1
YM37452295,0
PB83797385,0
YB94963643,0
OC62261377,0
GJ95079052,0
DM20958942,0
VW56629014,0
ZV85868646,1
SI09623672,1
BL80114504,0
FF90615856,1
OD17341077,0
BM96185625,0
NU74781671,0
SC00630265,0
UQ14911006,0
VN83547602,0
CW32327928,0
VH22762232,1
HK53751659,0
WD31252800,0
DU65955063,0
CB09724479,0
DE54364034,0
RJ63804367,1
HU11904354,1
KQ23924415,0
SS80606106,0
OH78822142,0
IJ03370612,0
ZM46371396,0
PZ28625685,0
EW74734298,0
HY08337919,0
RF44435965,1
KY04685674,0
KW47539811,1
ET32792489,0
RP58621226,1
CS38544747,0
OP73925923,0
XK60943356,0
VA12222473,0
CR07466551,1
TF88923989,0
VY22752443,0
LK95409346,0
PI38012584,1
NM17852946,0
QG57092972,0
SV63901858,0
PO41314868,0
EG39131582,0
BX04953264,0
ES71301291,0
FA91387847,0
KM45802144,0
RA45996923,1
OD84241089,0
HJ14407867,0
OA69358100,1
DI21426220,0
PQ08791190,0
NZ22553572,0
IH32869986,0
CM45849530,0
YU20711108,0
HT78995643,0
BT34932127,1
UU73193568,0
JI25592968,0
PM13172294,0
SC04349417,0
YD13987985,0
JI55000677,1
KX72738518,0
RG50731260,0
FV98135337,0
SD05767368,0
SU54769534,1
LT86045488,0
UZ07942676,0
RB22724658,0
TT11618052,0
IU46557464,0
BI77212667,1
WX01000820,0
YV56373718,0
ZD22821674,0
WZ04291838,1
SP83568520,0
YE37136261,0
EF96699135,1
SI27249783,0
ZQ61659031,0
JV39636058,0
JN64812503,0
CJ94580802,0
AS20177635,0
ET86169741,0
QR01113214,0
UT29638766,0
XH30770405,0
BU70165241,0
IU30729458,0
KG85293508,0
VT91228629,0
NV42572839,0
WZ51333928,0
QY03668784,0
IZ39728791,0
AI14045753,0
UF08311327,0
FR05238541,1
SV94581016,0
XU59545112,0
KS08605435,0
RP18395404,0
FI34868724,0
GA95558850,0
PR76804886,0
AQ94747788,0
DY48288675,1
HE16510726,0
SO10057010,1
EP47649539,0
ZB71548008,0
AI10924688,0
NB86136318,0
EJ92849728,0
SV92135168,1
YA89485594,0
IP14222808,0
TX65719435,0
VA28138135,0
GT62560383,0
HD57661827,0
PK49129149,1
ZV41507999,0
OH19673744,0
NM29793578,0
HE89195551,1
JB72537053,0
KM44155243,0
II62147608,0
LZ36215204,0
TG45394021,0
QT29763099,0
DJ16039475,0
GK11074697,0
KQ38255948,0
YQ06139116,0
AT31546702,1
QB50574595,0
XV90543846,0
OS78587139,0
NE40128606,0
KW38217996,1
CJ63511766,0
DI45105026,0
NS60040384,0
KA78490437,0
SX89825551,0
RX67600004,0
FQ86463178,0
JY11282529,0
RP82075829,0
SH44626608,1
QL08102431,0
JF35100996,0
ET07795229,0
FA42256703,0
VO85792169,0
HA99996375,1
QQ91944337,0
XE92951952,1
OH83703245,0
CO65176195,0
BZ12864710,0
EC84107316,0
SU42693001,0
HD90833423,0
TE94632863,0
MJ24867236,0
HB71010320,1
UW64486123,1
LO38436782,0
TQ02229292,0
GU48401570,0
JK18550924,1
WZ59114203,0
JJ30412345,1
XU67810358,0
JG20433132,0
PI65738715,1
IF13087738,0
LD65972530,1
OU50715007,1
LN87765934,0
BJ60583864,0
RQ02226879,1
DF26061129,1
CV11681054,1
IS97220392,0
WJ97839310,0
HM59974544,1
OA68092243,0
CK13327233,0
CS36756811,0
FY89396133,0
DA06611586,0
XZ95262420,1
AX69130655,0
VY58894871,0
MR82173394,0
OS99564866,1
RQ34590519,1
UL00075615,0
GN81846872,0
BH62152086,1
FE28714772,0
ML71682881,0
NT77714342,1
PN27658402,0
VM28574597,0
VH73084719,0
ZD32144244,0
PK10087074,0
DS31566200,1
HQ03379722,0
VZ59614214,0
JM57126229,0
ID82514778,0
CO95326791,0
MV88836985,0
KY04377610,1
VW94047566,0
HZ38537306,0
YV70200142,0
PX29513549,0
HS86331849,0
JK09113001,0
LC29430878,0
PP35048987,0
FE38947766,1
YZ85690875,0
VZ64207718,1
SN88517027,0
QG90522390,1
NC61118363,0
LM34471711,1
YU08537428,0
JP42856628,0
OV91053253,0
CS42349909,0
TI06363602,0
YN06705737,0
KK02853905,0
VX34982281,0
SB71766382,0
EP05275814,0
IA37621182,0
WF98071791,0
UH72578414,0
NR50625240,1
VW01177905,0
IH21481202,0
FE44830339,0
AU73110978,0
KY42278201,0
IV46583095,0
VR96184063,0
RA95649551,0
XS73884237,0
WY57819332,0
CN90412605,0
MX32291385,0
LX72574383,0
XT85939103,0
YL34524067,1
IO87669970,0
AP69074078,0
CA23871883,0
UR17081255,0
GB17876515,1
WM40700411,0
XV18392269,1
SO14105185,0
DX82415474,0
QQ91035254,0
CL44774576,0
PG73929772,1
SG88382010,0
PB94042346,0
LO06380770,0
WR48927950,0
VR80757200,1
FB76213884,0
RT37596281,0
TF53205868,0
UH77120758,0
DT11918515,0
VR92013326,1
IQ40605859,0
II42053032,0
QO16778188,0
EB60291190,0
VU68822943,1
CT29274565,1
EA67282111,0
YC16299503,0
FU09477229,0
HB28729463,1
DE59126316,0
JX49459398,0
BX82912585,0
LJ31678838,0
DD78087053,0
WZ61158275,0
SL91909034,0
UQ45476667,0
ME66596288,1
OI84201148,0
HT89171628,0
QN50172374,0
RE08009689,0
BQ14556944,1
VX58730240,0
VR65122441,0
XG09122651,0
MP04279638,1
WF40962186,0
WK21278991,0
EY14970396,1
WY92869466,1
MX57918140,0
YZ84325517,1
IS60180107,0
IM26555175,0
KR36044291,1
RA61333125,0
OV04769114,0
VO50209583,1
KF00422749,0
HW70804263,0
PW53997299,1
QL41048454,0
VC63706566,0
JH97573709,1
GI38173401,0
SB42061991,0
SJ98623827,0
ED78719750,0
CN32677454,1
WY30826667,1
QQ13984283,0
WI83597620,0
DP74693392,0
VC34921482,0
YQ54816087,0
XS59866171,0
TB56469806,0
EI11091117,0
WG79446623,0
XD45370007,0
AO66342839,0
EI69067131,0
FP69140423,0
TF80632789,0
MT03089456,1
OX52049326,0
HO70280534,1
IM18076543,0
CL48106026,0
KT84568360,0
ON35426374,0
ZW41077535,1
NW61617191,0
SM67881709,0
VZ00033764,0
WN41382736,1
UN05597812,0
FC69479040,0
PE50494858,0
FY05456701,0
XE67512815,0
VG96371202,1
RR70779829,0
OY21806153,0
GH57332837,0
CI71089140,0
YC51790639,0
TC49319441,0
CD22096640,1
JV14084723,1
IG64195906,0
XP01471637,0
FP98995591,0
KJ30902441,0
MX67240577,0
LE43370039,0
ZJ84238951,0
UT78923721,0
SV01163980,0
JK13834407,0
CR51421436,0
BI08741738,1
DX74919520,0
XB83363558,0
EY16584240,0
OR51229648,0
VY13395641,0
SQ90458402,1
KS94083180,0
PT95888201,0
VY39059233,0
AP54941461,0
TC96423138,0
XD45060891,0
OI82782934,0
PK52107860,0
SX60113769,0
TH06949259,0
BP65296604,0
GL94322486,0
QK58997093,0
AJ99648980,0
JD24217885,0
NB98038761,0
IH74308096,0
MY58685147,0
GY47906848,0
IA49014486,1
CO81733566,0
FM03538239,1
GG29884460,0
SD78553542,1
BC97349322,0
JE81799839,0
QX49780492,0
IQ63408337,0
MU52088642,0
NJ14993641,0
IO73416548,0
UV25761995,0
SN93617428,1
MS13820052,0
CM08290151,0
LM35463373,1
BG61534543,1
XJ04407821,0
PY81659812,0
DM86624085,0
KS99018409,0
DG83579534,0
SG22061818,0
EV13638540,1
QQ18355548,0
QS59923048,0
RA89253821,0
AO60933946,0
UU83928831,1
HS45048641,0
HN56102339,0
JG66543858,0
MZ15760746,0
JE34042294,0
SA60452371,0
MM45432742,0
AB36540453,0
GP52155968,0
KD85949469,0
SP57104945,0
QZ92437058,0
TG16457164,0
FQ23672024,0
QT77748181,0
AT39941862,0
EF09616102,0
KJ98198385,1
KN75361890,0
PB56431321,1
VM60705839,0
MO66372242,0
JT83178374,0
RW50716510,1
AD34621223,1
GK45685773,0
IO14711520,0
GA05681957,1
IY59896100,1
YU14667435,0
IE42970502,0
AZ37608803,0
EQ42968382,0
CE24306326,0
TB99088467,0
AX66933669,0
BT74166552,0
JG12707236,0
BS96905517,0
KG08029683,0
YU91939954,0
IO08947840,1
KS90471402,0
UT51029729,1
KI27299896,0
WP17300039,1
BQ71717379,0
CY27017587,0
KS99653125,0
YJ91243718,1
SP57548991,0
OI69341610,0
OS16321311,1
KE87628487,0
AQ64111143,0
NH06518537,1
JV09514831,0
YF96214756,0
VT05753962,0
LL55440743,0
VA89841063,1
GZ13701943,0
EZ62314990,0
KV21087319,0
VG51644605,0
SJ86892246,1
KR24811784,0
BT38256222,0
KT52128424,0
CA11537580,0
YC49920473,0
VA25109235,0
BH35109602,1
NR00881323,0
LC20365760,0
QN66493939,0
HJ18652849,0
AK44122697,0
GT62496037,1
ER40780711,1
MR21546215,0
FV30562907,0
TG94148510,0
HK50326199,0
WD66708580,0
PO32589170,1
JV92314506,0
WH47797568,0
KL55671804,1
DX76870099,0
MV36387378,0
PE01655955,0
AG07783934,0
GJ59636790,0
PJ96547548,0
YK44456278,0
BJ10060727,0
TC36936923,0
GP75446479,0
VP81164555,0
KJ34485896,1
WE31436880,0
YH36960238,0
TO88924420,0
FO87611033,0
FD88611341,0
EO53544090,1
TO45581265,0
BT92910285,0
BR05898503,1
NL34564565,0
AM64031170,0
RS36039387,0
HR38625848,1
AK48174425,0
VA97983651,0
KO94883535,0
PD24056531,1
UI84627803,0
AJ70890352,0
LL60655318,0
DT93431945,0
BQ99971350,0
BL58590738,1
UZ11373799,0
WT46082486,0
TM34566014,0
AY40669053,0
ZA65190144,0
MW60157291,0
XN54437753,0
JX67928902,0
JE34233148,0
VH09234243,0
BM41378950,0
NG61025692,0
NG07413163,0
UA62172259,0
II56649044,0
AJ89370735,1
AP28674566,1
MD25444197,1
YJ96790652,0
FH04896553,0
HQ75662602,0
RB08933904,0
ZU05862810,0
UH35568663,0
WA85342103,0
PK33906163,0
XX48637825,1
WG95824102,0
JU69973402,0
JC63784668,0
NZ28696074,0
EU68483905,0
UP53499962,0
TP98848386,0
NS61425402,0
IC95599958,1
JQ63584017,0
RG64548660,0
ZM07964116,1
QR34628535,0
XM45920722,0
QN81041403,0
CW83409418,0
FV82414022,0
GB73394130,0
PH88994973,0
HK92888509,0
ZL90214026,0
MP61362617,0
RD56570296,0
CM87820535,0
KC28234511,0
IL34007689,1
XS59798742,1
XK37343507,0
UB26991445,0
BY87313289,0
MY49289287,0
JL82664955,0
IP25250779,0
OS73536267,1
EG74113451,1
DC24000954,0
GR12670839,0
EQ27534952,0
PM49305767,0
BE46763210,0
EP98199770,0
OI50799140,1
WJ53321329,0
JY18121332,0
DM83636338,0
IV51980641,1
LL44361044,1
BW78676109,0
UV25016101,0
QZ38393117,0
AU94654948,1
OY18225250,0
DG03840145,0
CT41597206,0
GC98432442,1
LO43024145,0
BF70392182,1
LQ54844365,0
WB65663282,0
GP89998146,0
YV44502472,0
SJ30677521,0
XN48568969,0
HF17716088,0
NH54503539,1
AN67113956,0
JQ18376219,1
RS67359402,0
YD08114104,0
FI48051491,0
EG17387882,0
IZ70883329,0
BY89248326,0
JZ37139694,1
OM87315206,0
DP20335024,0
UG10728594,0
BO19993908,0
IO29639435,0
PZ75071156,0
RR89781013,1
VI69725817,0
PK59377042,1
KV59760805,1
BN84077575,0
CU63704464,0
LU45960524,0
ZF86308602,0
YE54213551,1
FK34263388,0
OY54718896,0
LR01408122,0
LG45444346,0
VF51297476,0
UN24634693,0
MC80714203,0
SQ39450596,0
FR02677950,0
CB60153044,0
BE46687879,1
TJ08376904,1
ZO33896099,0
BR76793547,0
UY11782585,1
QL19858882,0
TT86025104,0
HA43828837,0
DC36985356,0
QW57663673,1
EN11529443,1
XP78270414,0
GL53408350,0
DB66692788,0
SR15025657,0
PR99338985,0
EA56290566,0
GY27879486,0
ZD66999335,0
LI29273599,0
OF26765998,0
OI63648913,0
WC96716408,0
LZ53186204,0
ME28690442,1
UC70767765,0
AG54296541,0
LA34847376,0
HZ31147486,0
SA32614310,0
UL40232186,1
TH94218194,0
QV64611213,1
MF36411550,1
JL15098476,0
CQ95084316,0
NT33812750,1
WV56764028,0
YG64745922,0
QJ73102192,0
ON54302786,0
PX86568765,0
YK50986219,0
XM09433422,0
WD43400784,0
DW29864810,1
RP66264054,1
GN26913439,0
PB51230707,0
CL50010313,0
CN24385293,0
AB37315684,0
NW81622642,0
AC63452873,0
HJ25218251,0
MQ07303746,0
XK08582361,1
XN36593748,0
UP96276661,1
BC61786166,0
SO89629378,0
QY20020126,1
VA64204293,0
QU43094374,0
XR87580307,0
IC40870314,1
CC40248755,1
HU66430644,0
FW06393452,0
QX65321061,0
EC92681607,0
WU38383080,1
QK92308108,0
OI35904516,0
ZT31722660,0
EU91032206,0
XR94034952,0
EU61905313,1
MH27714958,1
AI98648129,0
BJ37336677,0
RU00369396,0
NN08553119,0
UI58853485,0
DD61469850,0
FG36906176,1
LV95887714,0
DZ98278795,1
ZQ89578045,1
AD95075134,1
LX20093805,1
AJ96850919,0
WI08684790,0
TH95858639,1
XE71071132,0
YB15950016,1
TY29645333,1
XV41394890,1
OR40304762,0
DK89781865,0
BC47309606,0
CS30756624,0
NU80490011,0
QD48554078,1
PT46826222,1
QZ78704765,0
GF89955108,0
KR79638673,0
QC88861619,0
PS01469366,0
JM83613948,0
TW44136433,0
ZQ07997478,0
ME47935527,0
NP80309207,1
WY94949793,0
MG98755444,1
YC13612321,0
AB09417421,1
HC68752013,1
WC53596603,0
EN84408642,0
BG60593858,0
ES45371065,0
CO44308526,0
VX34244138,0
WW48704264,0
GM55058278,0
WC61282839,0
RF59309210,0
VX39212319,0
QQ82145858,1
MA04945077,0
CC33629123,0
NH65622295,0
RO11435519,0
CG69414749,0
AJ68500680,0
SL72113056,0
ZB54445174,0
LH63461080,0
VG67828294,0
GI41351000,0
HJ55319123,0
SV02338224,0
SI33752104,0
IV45317681,1
TV70730925,0
CW92277699,0
BU03398875,0
VW84074839,0
ZB58757178,1
FU57076907,0
OC67808235,0
WL67890053,0
HY75638348,0
VL54923572,0
QO19643601,0
RP45706273,0
VY99813550,0
NJ51456668,0
AU64893875,0
OK95136800,0
HP33872522,0
HD17410833,0
MN42658612,0
ZH73051070,0
MI80531415,1
MH04735157,0
IA78248506,0
DX31376698,0
BN84169513,0
AM75522715,0
DD68664353,0
OT16119867,1
DI74643976,0
MM82067984,0
EB28511854,0
LY16328944,0
LX06097844,0
EG77711842,0
YQ51439860,1
VH55661989,0
CO81225918,1
DQ39760370,0
IR18881113,0
PT54959685,1
FQ63374746,0
GU19902175,0
FT81341004,0
SK94811635,0
AQ40958451,0
FS33972163,0
VY06393027,0
RB78257440,0
LP13501383,0
EP58417059,0
EC77718072,0
EM45468259,0
DJ08023566,0
XH06404558,0
FJ68448809,0
MZ44983437,0
EC78249355,0
EJ97526078,0
BK81673870,0
ZY63126507,0
XZ10288132,0
MU83501448,0
SU29413461,1
CH90958130,0
IA44934065,0
MN76163698,0
IZ03909171,1
GO39956097,0
SF51222388,0
VY71771173,0
AC51970740,0
TK85123921,1
ZX60275948,1
EQ80296545,0
MT28748598,0
MM80874547,0
SW86934285,0
NQ03243743,1
UP56224852,0
SW06325148,0
JH50581650,1
WE49933839,0
YV07417415,0
OQ69143312,1
AA25709569,0
MW74263129,0
TZ54019203,0
QT96910389,0
XU01368247,1
WU36042604,0
FU68177153,0
MB57994294,0
GP56048769,0
KP18948615,1
EU71668542,0
IU74110917,0
DA67009084,0
TD33106895,0
NT82366515,0
ZH53645510,0
NW48168993,0
CR19759022,0
XE78464041,0
IO07417884,0
DX39572319,0
KX17272965,0
JC95818338,1
QS62018330,0
SU54618698,0
AV76513385,0
UQ27837748,0
PW57713243,0
AU93135081,0
SN04488632,0
IP18787629,0
KC98627751,0
TZ18784310,0
YE76270198,0
ET87948177,1
UQ52430609,1
DR12786380,1
YJ06035864,0
ZT97439085,0
JR59333042,0
VT07377488,0
MB93608570,0
HZ49680769,0
DP28866658,0
ON01162439,0
DT06701589,1
VW74976143,1
CS96899834,1
IU00000479,0
YF08775852,0
LC15004677,1
OP21102508,0
VY65866464,0
MM19753567,0
IC39326301,0
OC92707543,0
IS00651747,0
NJ64422645,0
WE15348940,0
YR77971728,0
NC43306592,0
GV25067787,1
IM27072535,0
VL54141902,0
HY00464491,1
SX07573544,0
GV26965787,0
UY23483188,0
XD45398658,0
OZ09755641,0
OM75748544,0
NE69298934,0
IP49355722,1
CY25023373,0
MX98515203,0
FV36811211,0
CZ74514405,0
NT71657669,0
FG22245710,0
BX66105726,0
SJ88601854,0
KR89822645,0
MK34319145,0
GV91667224,1
BM02164861,0
LI85804866,0
JP68708898,0
LI07729983,0
ZM38537198,0
RF04168312,0
WT57139395,1
IL57976524,0
FM79403693,0
GK34353182,0
FN04519981,0
GP53182211,1
UC65303563,1
FQ67051858,0
SE38613282,0
OX73871668,1
JV34475195,0
UC31669379,0
VQ68234020,1
AU05086964,1
IT03074690,0
CU71355600,0
RL66788146,0
KA61448313,0
GQ05408798,0
EC05413994,0
WM95761294,0
WK12687554,0
KX45362027,0
SQ38112753,0
FE16324937,1
IF08079001,0
BF38357739,1
UU54226749,0
IV02827512,0
WO68785041,0
WP94370088,1
GV85362177,1
LX75865478,0
JI58737949,0
XW46356899,0
OT48571373,0
BX62248968,0
HJ86858230,0
IM53192500,0
FQ45235041,0
XE52092311,0
FX64236790,0
AR59978137,0
PW14285907,0
AS36742408,0
ZD54752622,0
DV38703536,1
HA68461219,0
XD18284442,0
FL77148377,0
SQ61640882,0
KX08076278,0
KN65075750,1
ON20902591,0
IC57183778,1
BF94490807,1
QP28823161,0
AT01276658,0
XD29446649,0
MW89104321,0
WC97491880,0
ER26175797,0
YM19530478,1
BJ23276367,0
HC50002565,0
GJ94313388,0
HN87960081,0
TI41753444,0
KK50485927,0
UP79962894,0
CP47246957,1
ZK61487108,0
JS74801217,0
FT89015442,0
AG33431998,0
QR39298640,0
UT47912443,0
YT71790385,0
BL17614947,1
HU59368112,0
EW36559694,0
HB19260175,0
KH53737964,1
ZG65539930,0
OJ67522896,0
WH73613144,0
GW82083800,1
BN28735633,0
RF36852852,0
DB41220086,0
BR32211153,0
LP91584847,0
YN23874073,0
VX08418210,0
SW41365757,1
GL91166769,1
AH68609947,0
BT13001103,0
GK57269396,0
ZE23307444,1
JC68305594,0
QY27794081,0
YP86673233,0
JY22794802,0
TF08107607,0
CH29961558,0
JP49458649,0
TQ66174229,0
WO55905034,1
AR11669975,0
WV58521113,0
MR76747784,1
UN83293439,0
IV13098694,0
MC27761635,0
EG61836273,0
JP80905169,0
NF51123221,0
EG88208911,0
FY20621640,0
GG40422826,0
WN95953485,0
PL56933082,0
ST36215041,0
JA51714757,0
HA44914981,0
ZV96012838,0
PM85731238,0
NW17586582,0
AV38883420,0
TL16215849,1
PI34933067,0
AU41588309,0
ES60286690,0
XV40050376,0
ZW64610916,0
CN79534319,1
EC71181634,0
UV38548832,1
NJ21233162,1
IN67451106,0
YN11083873,0
MF74289398,0
JY16798386,1
HI06804656,0
RF01920185,0
RA70362518,0
TU03124301,0
HU70646810,0
OB34971559,1
PY71888360,0
NE19570494,0
RW62955860,0
IX49439869,1
VG59652176,1
QQ44374565,0
UI88948384,0
TD82990745,1
LT99914989,1
IX80425120,1
DJ11957753,0
US64559360,0
YY46016123,1
TD28666804,0
AB49401733,0
IB61308144,0
DB04596007,0
HF16630860,0
QS44722795,1
MV18261941,0
VN23575886,0
LY99897211,0
RB94622120,0
TQ00041006,0
IS74632281,0
IX64400061,1
JX17535799,0
TM05370668,0
LZ47166359,1
PE97787359,0
PW84241743,1
II06354958,0
ZO78114872,0
HQ49185115,0
GE18976966,1
VP68746269,0
GB90129206,0
JV51943760,0
FB10935570,0
JJ23054765,0
AT77818806,0
ZO09163146,0
QD86643191,0
EY38571871,0
YW68986961,0
ND85298166,0
IJ75182055,0
OQ42850218,0
BL37874156,1
GZ51695540,0
LH33828059,1
MY51432597,0
ZV35924302,0
WN85641534,1
UB70764349,0
KV00869510,0
GB07988161,1
FG07996547,0
HV28150296,1
ZC07856619,0
AD91514188,1
TW77966779,0
HN03277948,0
NB79369798,0
IT39580300,1
NM99170014,0
OF62457369,0
CK35353101,1
BK11528245,0
GF27960019,1
GF51360419,1
CP81001711,0
AC23728127,1
CK80977176,0
KU22955328,0
AN70217880,0
HE57900188,0
HB92917861,0
IF71064783,0
CG81954595,0
CC07786223,0
DL19412805,0
RN10985507,0
QO96977931,0
LN70174009,0
KL60692052,0
JK93477665,0
CU23907944,1
FB73683399,0
IN16616347,0
NP65535018,1
VF31968357,0
TS42276164,1
ZE50105171,1
QS67233463,0
IF98942522,0
JS70689692,0
FE33386620,0
UO27135677,1
OA76029029,0
ID30017585,1
YZ10124466,0
GR69527224,0
MO35178782,0
PJ03488884,0
KR31462064,0
NN07262322,1
PJ26324813,1
OL61871928,0
CA07091253,0
RJ71571302,0
XX95516109,0
UL40785141,0
FG02722174,0
QW91455727,0
GY54079737,0
YT52438829,0
TO90539366,0
DD35675684,0
QO32923098,0
VD11097287,0
WA47516464,0
ZD31527257,0
JM65413727,0
BN66694586,1
PM38294292,0
KY06679685,0
WO29111937,0
XR11379291,0
TX15562628,0
CJ78309018,0
ZZ20456216,1
NT29619373,0
IW97553737,1
TA60703141,0
TE17794920,1
CO40936992,0
BA72188605,0
TF58915371,0
XR52886959,0
PM08007472,0
NJ60041216,0
IR01392542,0
OE48464555,0
TT52992706,1
OV48472931,0
UK49771932,0
QJ77653663,1
GS03902491,0
XF66079549,0
CD33035623,0
BP27452212,1
WA73255960,0
QH26609139,0
GA50070796,1
AA82920478,0
UZ33853846,0
AS98645329,0
BE42291394,0
LX46482985,1
ZX24773462,0
RA21214972,1
ZJ80762336,0
AJ05332309,0
RX19563685,0
FF95933306,0
ZW83667132,0
MY67301665,0
XM70902689,0
UE15588986,0
JZ88788284,0
XD73103533,0
OO12091813,0
SA21733896,0
GM82193138,0
DE06361034,1
KS89585697,0
GV41480970,0
ZY31825049,0
GA12984016,1
LN74076737,0
KJ79035862,0
RI72456081,0
JA86176208,1
NK96405588,0
IN86282868,1
ZD20853471,1
GZ32731461,0
SA21850714,0
WC13104865,0
FS67620618,0
VL79118564,1
BZ15104757,0
BT13601620,0
HA48809327,1
NY11144870,0
UD87262352,0
ZB02115672,0
ZP96694801,0
XP18717017,0
LM73519808,0
MV07254676,0
EN99838840,0
EM57885789,0
OC31369267,0
LX21331350,0
XN90314257,0
BU59908240,1
TA72919639,0
UO74545281,1
FM68393719,0
RK96903048,0
UY53951835,0
RY75212953,0
TE84039031,0
RE43297797,0
NE54281024,0
PG19005183,0
GR74154083,0
RR86441556,0
GL58529471,0
GW11855263,1
GR59309377,0
OC39966926,0
DN57751180,0
XN73684710,0
FY94655612,0
PC42418322,0
ZL68535483,0
GF35068977,1
SU59534102,0
PX36505260,0
HO96071155,0
HJ67484798,0
HT63788893,0
FT28818339,0
FQ66246878,0
PD50370857,0
PZ21191283,0
FT03646828,1
GW64273425,0
WA48805185,1
EI60208765,0
SW57992306,1
NZ48632313,0
WJ82963194,0
LZ90024494,0
SC39760625,0
ED11359079,0
HS95763798,0
FM86527998,0
VX99030169,1
PL36029225,1
RK84339940,0
LS04141937,0
XP50771510,0
YH39957213,0
RP30016533,0
KV50469606,0
IV60863283,0
XZ61588120,1
TM56350396,1
EF30817974,0
TN74085917,0
EH35550248,0
OI77355915,0
DV60846697,0
VM63845774,0
TN28217068,0
ZR97949942,0
QS86076715,1
JW01454265,0
VE83965587,0
OR89247304,0
HD01098266,1
GB80596816,1
WK16299708,0
FX02046305,0
AL26550002,1
JG40318416,0
VV09089320,0
TX07462865,0
NX14888645,0
VM70908256,0
RZ97018931,0
PT90003995,0
YO42347126,0
RZ72239156,1
AI96961129,0
DM53538894,0
YZ77119987,1
JD95631304,1
DZ03830495,0
UT67253585,0
XY61138384,0
QJ36873463,0
KM14379548,1
CB15488394,1
VK61390129,1
TE31290184,0
TB84959603,1
JA24541373,0
IK33462411,0
LG46903278,0
VY01490983,1
AC83861967,0
JQ99825049,0
OI83693414,0
AL94964437,1
TG03130335,0
RU54458934,1
MT45774814,0
QT27083848,0
XI84461781,0
XD17756588,1
AJ11584565,0
FE67021398,1
AU62754008,0
SP06648950,0
RK39212973,1
XQ16852514,0
ML97757717,0
ZK78530421,0
KY26914415,1
CN23351609,0
IB38562370,0
NO40163749,0
AI18558986,0
FA00281274,0
FC89670024,0
OX54368607,0
MW76907918,0
WW22441364,0
LC95390126,0
LE01976829,0
DL94024028,1
KZ86651394,0
XH28475029,0
LB31283985,0
XB75817547,0
FX35582079,0
JW90374322,0
SO11378096,0
SR70068384,0
AR15013573,1
RW59054977,0
DS60562652,0
NU22884408,0
XC26104361,0
MA24148230,1
DS84070890,1
IR66945718,1
FH03561544,0
KH42898840,0
MZ46533743,0
NP17960488,0
YE44508544,0
JH38193516,1
RA18081792,0
VU84260847,0
QL05631907,0
ER22005516,0
AK57971240,0
RU07559110,1
CE37165522,0
XJ43190488,1
XT47407155,0
NG28206673,0
VJ29674680,0
VJ57098610,0
DI48921384,0
SO90875414,0
FR29768882,0
GV46107697,0
XW65705018,0
YZ58164188,1
MK62647880,0
WS22801180,1
ST32664111,0
ZY29860997,0
NU92992000,0
HL85719458,0
RS17299853,0
OR81362554,0
VE93389464,1
KQ24098375,0
QB39899812,0
TY55149499,0
SV33577341,0
EQ51252203,1
KG62640790,0
AE60299802,0
KZ59861229,0
PE49010341,0
WM48463846,1
LZ56143311,0
QS82522597,0
LR42086320,0
OT22129429,1
EJ68435806,0
KL77450635,0
MZ83149213,0
KF12166002,1
UR09350841,0
IX57473353,1
OE60891256,0
OU82616980,0
HQ28670974,0
VO53846644,0
PC24890970,0
XI61274102,0
LZ19494625,1
JL87898266,0
PW91094671,1
ZK03174593,0
JN19944389,1
JS48865742,0
EZ36293440,0
VG74801087,0
OB07103705,0
YC38461896,0
WF26873296,0
PQ36925272,1
ZU46071746,0
EZ10702250,0
XT64850081,1
NA25845675,0
QL33085701,1
EQ68488841,0
HC74130464,0
JL11133146,0
BB09953860,0
ZL93866010,1
KZ67567783,0
YH66151711,0
VZ16722259,0
AW04790060,0
TQ59011537,0
BE05335329,0
SA43725693,0
GB44871437,0
HO14848107,0
AR84394283,0
QA83979138,0
QO04268339,0
SZ91205793,0
LB86657378,1
WC93558004,0
AV97342434,0
VK80769300,0
DS52897684,1
GB90303303,0
RR10970755,0
OC13409122,1
WT94986089,0
VF04992100,0
WZ26885146,1
MQ22482558,1
DM92833202,0
CV76775997,0
XK96592946,0
ZG29522065,0
TR33301506,0
WW55465768,0
DN35071388,1
PK72355939,1
XH82817872,0
YV60237620,0
NA30954701,0
DJ99247919,0
IS51935981,0
YC50437350,0
AB24375304,1
OJ72149765,0
NB33003724,1
MC35913980,1
NH00241339,0
BH34787697,0
FY08763712,0
VO76324552,0
UB63729278,0
TR09814060,0
HR83264661,0
NV40648495,0
AQ43023402,0
TH29462132,1
TT16205667,0
SK75423000,0
QE17270995,0
JQ18896832,1
OW20468879,0
LQ90309907,1
RR78172168,0
FL31673121,0
PD50805552,0
BS67687350,0
JY39023070,0
DX77234684,0
NH03471795,0
DT04425917,1
RN43910052,0
LY17369020,0
YH68382841,0
BL50940072,0
FE78202165,0
TE70133098,0
ZH60006982,1
LT35852368,0
BS03161876,0
UQ16700264,1
SF23668568,1
GC20247401,0
XA36994592,0
LW31910182,0
ZT86480203,0
CC60281091,1
CE30384821,1
JT22935916,1
WZ95539061,0
TJ75727221,1
BZ12825330,1
ZS30329098,1
IL44897028,0
FG33742822,0
AU03596892,0
KR31988350,1
BK03407633,0
ZB63050726,0
FK60865698,0
TT90729975,1
DC83067195,0
FW23159342,0
NC96809371,0
UX71634888,1
GX36178418,0
IA73931139,1
GQ87827753,0
IP00295751,0
FA73244765,0
VD83834547,0
SA21232397,0
YQ53568313,1
KS97462295,0
AN34125863,1
XJ47567124,0
GH23825766,0
UU19676896,0
OY64102966,0
ZA14013088,0
AU88618748,0
EI43627929,0
RJ92911481,0
RM24733490,0
CB15590754,0
QO86166268,0
FS01439837,0
MC92400537,0
UI13571081,0
WG29696621,0
PP68475430,0
LU92394079,0
BU17341634,0
DD67400327,0
HP85629248,0
TT16317172,1
BM96612291,0
XG14649620,1
MB53125438,0
GO90550574,0
LU96253558,0
DP96755790,0
PG38600626,1
ZA84859327,0
NY40237507,0
EI91815242,0
OH15362819,1
DO19998593,0
HJ98255782,0
GQ05648275,0
JK61676993,0
VQ66902464,0
QU61891150,1
ZQ43234718,1
RA24386775,1
WV37213457,0
LB19001105,0
OI32102974,1
ZX35286972,0
US42105741,0
OI06941617,0
CX58340899,0
CR97151919,0
QL93884835,0
WF55474303,0
LA55228120,0
IP28707084,1
DB11577971,0
NI09787145,0
AM58036309,0
PQ19180356,0
IX36958681,0
FL34777287,1
MQ61832731,0
RJ36578985,0
UA53401646,0
XW69623342,0
OI62745755,0
KZ40518619,0
PO71273735,0
UX70780972,0
KL69625568,0
SH74729326,0
BF84119334,0
SX59344438,1
AJ82770791,0
DY83667386,1
FU72299740,0
ZF14706636,0
JT30052932,1
DK00308069,1
IK70047389,0
HV73950077,0
CI45775266,0
BN59815986,0
KN75710609,0
WB58655907,1
MZ40534106,0
AG75018791,1
FP46352145,0
TU42557812,0
OH27805759,0
JI91728061,0
XZ25791930,0
MX80681224,0
MN65300873,0
BO31788326,1
HV43896034,0
DW77706093,0
ZG54078437,0
BO37411400,0
KF42710227,0
HP55997586,0
QU01584520,0
NR63164681,1
WJ53875814,0
HB50627014,0
AK13481283,0
DK16920426,0
UI05473009,0
BL14424023,1
VJ16419131,0
QB46019618,0
KI88737730,0
SS18118635,0
ZE76841491,1
FQ26386304,1
XZ10389314,0
AR27321403,0
IW24993973,0
LU47887372,1
AV21912700,0
WH60696374,0
KV34496548,0
IG54540523,0
II00428562,0
SM95384197,1
GN43793340,0
KJ10921859,0
CY01818138,0
YZ54897745,0
JE42969215,1
LL42351409,0
MP39103466,0
XO02827811,0
OD25806129,0
QV86089923,0
OZ97824234,0
PH40606176,0
GQ80317107,1
AT43302891,0
ZF82193889,0
YZ28873552,0
LA97052455,0
KF76652937,0
QJ60871018,0
LY47956108,0
BE43115689,0
TU57838569,1
OS43112840,0
TJ74331311,0
CS54689618,0
BH92999203,0
HO31419629,0
JR17179992,0
TI62490432,0
OF56077428,0
VA07891098,0
MV28073010,1
DD63218620,0
AP72751628,0
ZJ93599733,0
CY99821635,1
QO60840988,0
GN43293694,0
YO40381974,1
CF68507590,0
NZ03403585,0
PS95007260,1
RU12283399,0
JY64816139,0
FD79430879,0
XI00858538,0
LG21019493,0
EU89460423,0
SP93632017,1
IL12979256,1
TH90748091,0
KD88187079,0
QN63892238,0
VI52387726,0
ZM48733753,0
WD58483954,1
OI71228464,1
WS60355332,0
KL12315952,0
UZ22147365,1
AB79900311,1
LF17530776,0
VH69111526,0
VO18810887,1
FM99279070,0
UG88011404,0
BC83974065,0
ZV55482289,0
GK33448058,0
LE16491751,1
KY58576228,0
DX29990338,0
WK01970242,0
RY48865549,0
KX12899131,0
ZM07920517,1
AV65151490,0
BR63349986,0
EJ65175347,0
OU17702742,1
FQ90990433,0
IH64375423,0
HR99460198,1
ME16799513,0
UI97783656,0
IC68042424,0
QH64915943,1
TW93236105,0
TU52672159,0
BW20341966,0
TM39266265,0
IO12645793,1
GQ31583805,1
GR18957170,0
XK44936021,0
RW34785390,0
NV17460581,1
XW82310144,0
PC31156615,0
PJ25452999,1
AH30865044,1
ZS04894334,0
PX72181264,1
JI07896103,0
FQ62808624,0
JL81602022,0
FN83587447,0
NE94000224,1
AN98620985,0
CM42862810,1
AI21981398,1
WG25652903,0
UW76984238,0
DN84076382,0
GF28560059,0
FU61857008,0
QQ53495857,0
NP97860774,0
YR42526993,1
OL28722498,0
IV67819151,0
FO86492928,1
FK94953526,1
ID16395624,0
DA50010192,1
IH93256382,0
BJ06721864,0
SR34692008,0
AY85053169,0
ZC74221099,0
WL66891882,0
KA75472050,0
UJ51692769,0
XG34591086,0
PQ00967248,0
WL90949400,1
NX43696544,0
HD49663184,0
KO16659477,0
YP65197731,0
KG50259723,0
QP67945930,0
RS71357022,0
RV31992823,0
PZ23249157,0
KY71788771,1
QU30268289,1
IU83379164,0
TJ23218689,0
YE26083504,0
HS49728335,0
SD60739702,0
XH78923137,1
CS72789122,0
MR34536675,1
DR07399711,0
RR68177193,0
ZC83631183,1
UD91736057,0
WG67814593,1
RW19861657,0
ME50013643,0
YG30502045,0
ZC42500664,0
IT12293224,0
JB65323630,0
QL25930481,0
VC88527594,0
TW27971678,0
HC13571470,0
LI96685232,1
XT72925153,0
RX97591839,0
GN92685873,0
QN15519394,1
NS23628395,0
KO35003218,0
XB81048112,0
ZL97107293,0
BX18064125,1
HD26580966,0
TG88673960,1
QI43711497,0
AC63694408,0
XZ66424191,0
QQ48389303,1
QQ72370342,0
XR66134388,0
LL81625387,0
NQ03282360,0
VB36852132,1
GO30457053,1
EJ53644334,1
CF63299270,0
EW69167249,0
AD74215861,1
LH97491491,0
ZU98163031,0
PL67901193,0
LD99394148,1
CL71598475,0
QU62221621,0
GL58312061,0
LF12384531,0
CR73728334,1
FB16344769,0
LQ82100174,0
DC92542846,0
SB52992433,0
IO17115801,1
LC72367630,0
HH82288399,0
DJ47234522,1
RF97846916,1
CS72319790,0
CY33169731,1
BM36186250,0
WI05371050,0
JM21600197,0
NZ16301048,0
DF52920691,0
ZN07671661,1
EX27995976,0
VI01122416,1
IW64424365,0
JR19830613,0
SD14796072,0
OS77517139,0
IP09100631,1
SS61114281,0
PD96270349,0
JG66414919,1
YF38317613,0
MT65731127,0
MK96552765,1
DA26679129,0
PE54709641,0
NW95024704,0
GR12753629,0
KI66800051,0
DE63571970,0
WK06842048,0
RR46758518,0
UZ49168201,0
KR99726844,0
WN61031382,0
CL39878305,0
BC44345202,0
VZ85841606,0
ST32056818,1
MH05603630,0
QB64642781,0
IX64042294,0
VB03086070,0
XX76237396,0
KZ06712734,0
UL76809926,0
WK20967998,0
AA53872369,0
QN67414922,0
VN37471449,0
WZ71832250,0
WM23066955,0
XF37683249,0
HT81524709,0
HM10398451,0
RH54547372,0
EP20064641,1
DC78864691,0
AT27322612,0
GM65668674,0
UE67857265,0
CE95341313,1
ZS76940431,0
LM03435917,1
BY41597640,0
QJ63926602,0
WR64174887,0
BE20774043,0
HA52303123,0
YF88228704,0
OL70138210,1
ZD83715160,0
YK40335574,1
EN27681233,1
ON38670600,0
UZ61540015,0
GH54001201,1
AW26899456,0
QE42649955,1
YM24889133,1
OO75378373,0
MD61626671,0
DV99925242,0
LQ45340476,0
HN71236195,0
JL26760172,0
LZ74306914,1
DZ09126132,0
OX69287648,0
EE88721244,0
QB98651265,0
TX14045328,1
HL23437752,0
TK69847113,0
BD50542311,0
OO84259855,0
GN62688799,0
AB53510248,1
DS01642298,0
MC18701818,0
YE81121677,0
PP81762743,0
VE82418090,0
JL31955163,0
OJ67936401,0
QN66403389,0
JV03867990,0
MO21441675,0
CY45428073,0
GW80824630,0
IX69988809,0
RM94620721,0
LM45837214,0
DJ85221416,0
OB23437795,1
IE85089191,0
PD63275595,0
JJ14579891,0
ZS66083038,0
WV57300298,0
XV72130344,1
OJ20541933,0
FV26802686,0
JU00603463,0
VQ40830870,0
QB27368784,0
QK26342999,0
IP26677641,1
ST39397704,0
FG90498759,0
PT96496168,1
VE96526750,0
AZ85336846,0
XQ33876014,0
HV80753304,0
KD03008335,0
JX51208148,0
KH95827465,0
SB72825344,1
ZO83587109,0
VB42134732,0
PT18438263,0
CL63903055,0
PL88451409,1
MR14677081,0
XG34157067,0
WY41095020,0
UW54323053,1
BN44344569,0
KO37478105,1
QD32369821,0
ZH70757551,0
SA84940198,0
WK51660049,0
FK50609468,0
GD51522181,0
GJ05716680,0
NQ41500452,1
QR44224413,0
JK49715670,1
RR95933586,0
PO10022403,1
BG89051442,0
FH40711819,1
TF59859407,1
SM61039116,1
YN08206809,0
WN24279261,1
WI23902756,0
HI99056460,1
FN96742737,0
RE24698945,0
WU81891656,1
YS17971526,0
WP89834694,0
MK64708920,0
AK66248929,1
CL67489324,0
HA98425679,1
VV88283526,0
NJ84157031,0
MC95040626,0
AW54373284,0
YN10343461,0
ZS20314354,1
KF09905278,0
SL14949401,1
WI55410555,0
YX90423673,0
LU95549994,0
BO88071308,0
KN32791048,1
QW84334686,0
JY93635641,0
RM45873930,0
PN60589073,0
DP91818704,0
TW48559176,0
CZ73278843,1
PW47984293,0
SU87243872,0
FW78200735,0
AY00126584,1
PS70712414,1
OR46380785,0
CO19734791,0
VN50051901,0
AJ78135852,0
QS98755244,0
DP58496524,1
QJ47970817,0
PA30880916,0
RE80623061,1
TS46854602,0
HZ19996812,1
FR50654158,0
OG94703626,0
CC00870216,0
ME15065288,0
BS77101691,0
HJ47272737,0
HU57026821,0
XM43292808,0
VJ94348492,0
KJ22159830,0
CY81363407,0
BB23467582,0
UA44263928,0
VY80367286,0
GC68760295,1
DR33774059,0
IO52258072,1
JO96926138,1
FF24301205,0
XF89165633,1
ON69204509,0
AO81606415,0
WE02941482,0
OC88614988,1
LO01681209,0
PC46231140,0
RS55063226,0
BR63186705,0
KG67737794,0
IQ92944407,0
SF31077996,0
UC23119191,0
KO86459644,1
SP69849629,1
HR85052846,0
ZG98593961,0
JG72237698,0
DG94451786,1
YU57711526,0
KU63231813,1
CF11756494,1
EW15629745,0
HY43549954,0
VL54048738,0
EF79898899,0
WB00771370,0
NC41714380,0
DX73025876,0
YK76057902,0
EL84848239,0
XI13465999,0
WP01635548,0
RS50398251,0
BM14622985,0
FG73172347,0
PN43228431,0
TI09512507,1
PG13035722,1
KM92522844,0
ZA78011036,0
CL50456747,1
ZO12477023,1
NY98751274,1
QM20971012,1
PX36323736,0
RS50250225,0
KV72985310,0
UK91465881,0
CE27273739,1
ML70322673,0
HB17686253,0
MX79358679,0
JA13453037,1
KL23867903,0
TX51180166,1
UO36211226,0
TX77610820,0
CH68808473,1
HI91261252,0
RH26109477,1
QB86249376,0
RI82967802,0
UQ26179151,0
ID74393508,0
JC38258702,0
CQ84941667,0
RA66639260,0
XQ08894105,0
OE18060249,1
ZP88632590,1
TP79770490,0
HB14727195,0
UR17707173,1
FZ56078369,0
ON48648414,0
DV35315470,0
OF91082979,0
LJ43277282,1
BW70270961,0
RZ09668361,0
OD38848308,0
CB89795496,1
WH39789886,0
BK80573519,0
JX11158036,0
GE10268054,0
WV07837852,0
VZ35670168,0
OF25476020,0
HJ61043893,0
AO98105493,1
PH15512390,0
EN13416817,0
UW36698710,0
LP12210057,0
XH43078631,0
ZP17910059,0
HZ67790600,0
GW27716381,0
HX22187536,0
BM43509631,0
CW12806750,0
FO53334919,1
OC19385639,1
MD94416885,0
KA03330196,0
ZY67174385,1
EO89143217,0
BQ85806227,0
PM92889336,0
WX87927021,1
EQ71857086,1
SN69897216,1
YD65014032,0
LY31658304,0
MG59921887,1
WR08970138,1
UQ95110460,0
EK18696257,0
AV94267376,0
BA19023675,0
QA20145204,0
KL78535567,1
IF72721393,1
LV25233515,0
IE15842640,0
RS35349557,0
QM74323237,1
SQ42387417,0
AU10117002,0
OR46619024,0
ZG92740519,0
KT36899222,0
EZ43557959,0
PY49965819,0
UO77931488,0
IM37565928,0
NS67051873,1
AJ00122539,0
QM59874905,0
CG33309288,0
CF51502461,0
BX15597001,0
JF96243531,1
DV08089792,0
AT71724585,1
PM37780793,0
SV16694102,0
TI47216925,1
LZ44649721,0
ET31534131,0
VX86302998,0
NJ68708831,0
QC85067917,0
JA53247327,1
QD58383650,0
HZ00708514,1
AA54391070,0
UJ43612101,0
BD05598297,1
OO93101873,0
BA91418767,0
AC66768580,0
FO31865073,0
LA25263937,0
VA91586754,0
ZD35996310,0
HE03599779,0
SD01234377,0
VK39340352,1
OX53003619,0
XU42806423,1
XM30204833,1
YO41287835,0
QK74034408,1
JG18480859,0
CE37861213,0
XQ05823057,0
IK33059633,0
TT13679336,1
TP23549735,0
GV29293613,0
NO84883038,0
QW28357266,0
UZ90162514,1
QM27417532,1
KO46676728,0
GR49265880,0
GE89020213,0
NE46910058,0
IU09000067,1
XV66218044,0
HO24510844,0
HS42679730,0
VF96060078,0
VS06107818,0
AI67543513,0
RL52103569,0
JT85654420,0
XO02740444,0
UT91590735,0
KO61000464,1
TJ06038762,0
UX41466064,0
BF16887655,0
JO77144928,0
VN00804326,1
YD09614650,0
CM96134311,0
TA79309621,0
PV46199195,0
VY69325533,0
BM83239429,0
BR17164947,0
LY32379150,0
GX84195021,0
XU28791125,0
HS78163554,0
XV05385053,1
IM50502057,0
VX09848266,0
EV00024468,0
FL90764500,0
KW47574292,0
IR15877570,1
GT24490637,1
CQ04295596,0
HA39212162,0
WW26249715,0
KZ08452678,0
TC10152850,0
VB17649836,1
OF67890787,0
RC80806310,0
VK53904945,0
KO21005442,0
ON26271349,0
LO90741394,0
WK03009335,0
BH42761308,0
NU52614790,0
ZF65985133,0
ZH43531632,1
TV94347538,0
ZF14691801,0
WA88626108,1
LE87473658,0
IO41805249,0
MC10283707,1
YF39483190,0
QP11642538,1
BM41146984,0
GP20337274,0
SH03819760,1
YI37545401,1
ZN97260560,0
OJ58217048,0
TQ98624545,0
IX82794714,0
JT39168622,1
NT06602659,0
CR84616806,0
FN19929151,0
NG13921795,0
WA62203621,0
DE90262517,0
SI13262899,0
WW09271317,0
WD20109236,0
DB60735030,0
VQ88022924,1
YH54330401,1
RW36648264,0
PW39901682,0
OP15830731,0
AF28690330,0
MP15839979,1
EA29171570,1
CY62869147,0
HM91578358,0
JZ68272510,0
IE90368303,1
XH64734475,0
QD60270690,1
GL67914425,1
ZU58840556,0
DA46530746,0
NL52390848,0
UX76698314,0
JQ94661695,0
HR48331758,0
HB54083162,1
EM49256927,1
DL63399432,0
GK98236592,0
JK87863896,0
BH99356270,0
VC06083503,0
SE88842180,0
LX97423863,0
NF92001338,0
NK45056615,0
EK34832752,0
TL44383812,0
PI91492433,0
QS24259522,1
EP21618982,0
ZQ43823638,0
XC75008143,0
AU34373857,0
WA04254024,0
TT38759028,1
FN52371794,0
LR57673259,0
NM15202333,0
MN94530033,0
GX30294155,0
DD26139186,1
QH96920779,0
OP19729948,0
ZR24268126,0
UA76275039,0
YP56201038,0
EE72225712,0
RP89894756,1
YX86823141,0
BG08447580,1
OW10126249,1
FH92018251,0
IZ23571394,0
DQ45870118,0
PO35648731,0
MR62259238,1
FB17039794,0
WK01693256,1
SL08850401,1
BE63041236,0
WD34350983,0
LL97501063,0
KW43965367,0
AP55303057,0
KH86685437,0
ZN73803331,0
SF50059869,0
ND43365152,0
NU82415872,1
SY37584440,0
BZ90106676,0
PH42925768,0
XM04781095,0
EQ99910888,0
IO97074882,0
KH83274999,0
ED88808711,0
EZ62560489,0
CG70516426,0
DE33643667,0
FA75552535,1
LE02242805,0
VC26507822,0
LD13366182,0
TN89793378,0
SY33993496,0
TC30267060,0
GD15029454,0
EH00888519,1
RH49287488,0
FU98316565,1
XE39073264,0
XF88114108,0
OU31237914,0
BH60664883,0
KU85858553,0
WL80611050,0
MA82082868,0
PU98625957,1
TG05935104,0
YS73862218,0
GB85856901,1
QA87511502,0
UC44441054,1
ML97904206,0
IA36644210,0
JF44084043,1
BD90619323,1
AR85046650,0
OG56252576,0
CJ64855994,0
YW79582281,0
TA67332481,1
MH26191535,0
OW57568863,1
BQ57903534,0
WE64279964,0
UD12044960,0
LU16508191,0
KP23161965,0
MS59404799,0
GF44133131,0
UY76747621,0
LJ99893650,0
TC78353420,0
NV62816858,0
VH12568663,0
VF50656100,0
QT79995347,0
LU71453257,0
CG70887055,0
LA06824339,0
GL38640971,1
MZ27237677,0
WL82648656,1
CT34175195,0
WC23087406,1
SO38431722,0
RZ38440273,0
RV11159353,0
IX89539378,0
ZS55864300,1
KM74846582,0
HC68860133,0
ZZ88044449,0
YL87090248,0
GS02320371,0
QI73454610,0
IK14239625,0
BO77732181,0
MX64841692,0
WC58121956,0
AO04939917,1
UP76741816,0
SN58390951,0
QT68204478,0
IA31175790,0
UE24586004,0
UP36021581,0
LX58346215,0
JO65397424,0
NM57729098,1
YZ71448379,0
NO64049753,0
MT85880830,0
MU53468637,0
FT51774120,1
BU91618853,0
BM71142308,0
AK27070350,0
OU62281907,0
SD90156223,0
WL53039801,0
TJ35962899,1
EY01529976,0
ZY15171679,1
WQ56105411,0
MX71005181,0
ED49029870,1
PT07506150,0
CY53161496,0
XB98761441,0
HU13091847,0
OW06676812,1
ZY66177757,0
AN95725354,0
RY27580787,0
PI65336823,0
UM36381681,0
JE26308567,0
LW48849993,0
WS95680140,0
VE09081501,0
ZO63754097,0
UG84966215,0
MO74666059,0
UV70160785,0
RQ85583155,0
RM71225868,0
PE47463002,0
BI13749503,0
HL67758847,0
CE52083669,0
MZ56894839,0
ME09124028,0
RA54310273,0
XR14725951,0
TD00116225,1
PB99265529,1
JS17696860,1
OO72735848,1
BX96873675,0
YN88868559,0
LS49250627,0
MQ15100468,0
YA83171814,0
ZW82464061,0
JG09633926,1
EL88996179,0
YV10423321,0
EI55721969,1
IL34870123,0
CL88199206,0
NC56364965,0
RY35395122,1
AT02832331,0
LN81791529,0
HV18648946,0
OR98643007,0
DI95132876,1
WH80446090,0
OY89013548,0
OJ69148299,0
XH93902477,0
DQ75669549,1
QF97059454,0
HV91458025,0
BX46307595,0
PR07957396,0
VB68100117,1
XP97638485,0
LV09099993,1
RU61228926,0
SC52084347,0
BY09738431,0
TT61189788,0
WX40559104,1
TU90743901,0
MK28778615,0
DB75090839,1
VS61031250,1
BU68416654,1
OZ77098280,0
FD65606516,0
TX36913325,0
NZ06710527,0
VI93903120,0
CH71848517,0
KS98811945,0
KC78087241,0
TQ24085436,0
SN26862781,0
NR87926965,0
WY45729577,0
NA09501309,0
EL74028196,1
WB02058750,0
OI62881121,1
KM99980519,1
ZC73067370,0
QN91343109,0
UH02940816,0
RC12581428,0
ER33326658,0
BW82989228,0
ND52230482,1
QZ57827291,0
CA24237319,0
AK91807103,0
IG91621278,0
OI68806861,0
UT61594084,0
HG65316162,0
KC21143652,0
FB40616225,0
SK18052739,0
YP33233652,0
OT62920181,0
CF18371831,0
FP25758530,0
VC57820372,1
GO76854315,0
ZS05572712,0
HV33909094,1
WK75055043,0
GB08762998,0
BT68283623,1
UJ29355824,0
IM12517436,1
LL78050084,1
RB66361236,0
YI88280282,0
TI20951762,0
YX11640312,0
AV56177726,0
JK69415179,1
HW01071379,0
IA33930259,0
UB72334392,0
VV82354301,1
MZ05808257,0
ID59542214,0
TG70407861,0
XZ67069613,1
WD18889923,0
JK73542784,0
QV09262212,0
GO51100451,0
DI04757369,0
ZG80998291,1
EF12602828,0
PT75140432,0
BS99347456,1
YQ73894666,0
CU25732110,0
AF42756404,1
KK72699102,0
FJ90294236,1
NO03482825,0
ZX95064010,0
SM73930318,0
EZ19443301,1
WD02122701,0
HM04978853,1
IV16626313,1
SY50627455,0
YV14251784,0
KT53298021,0
SS76635509,0
YY97579218,1
IZ22303542,0
TO60641668,1
KK14187907,0
JG03977028,0
ZV80642389,0
BO97064960,0
MG85944521,0
EQ92116937,0
PJ67563107,0
NS77585675,0
HG50463679,1
MC30136428,0
EY37803975,1
QV40493612,0
ME95058908,0
QT46142855,0
LZ05771289,0
JU03113011,0
XW97734747,0
RP49042952,0
XW21559986,0
SX86562837,0
DA08987825,0
JM16582285,1
WB33587498,0
BO44925515,0
JG66363315,0
LH17723157,1
JQ64692899,0
XF22624140,0
KM11226120,0
WY03969805,0
KF04564134,0
MP70775456,0
AO52783211,0
MU17086178,1
TX29849781,0
MN80543790,0
QS70804149,0
KO85381425,0
GL44096522,0
RE95717737,0
QP79432105,0
VD01485103,0
KU65274892,0
YS14343738,0
AO06840011,0
BT42509012,0
GD73240219,0
PI37452985,0
ZZ51628426,1
NN19164588,0
ZD48251552,0
LE69572765,0
PL38626056,1
NO07030273,1
GD64694766,0
KM13313868,0
JP41017818,0
LV85772333,0
ZI49252795,0
TR63280375,0
FD10268946,1
OV87634980,0
FG24614365,0
ZO71710657,0
SH52830422,0
VF76540386,1
ZR69808484,1
BP92138714,0
CL51406943,0
PA50541820,0
YF71193728,0
UW91385788,1
ZP22863454,0
UI40043806,1
VL47999520,0
RA01856596,0
JV64161370,0
FH95595802,0
IS87713757,0
GE50672200,0
KJ42105392,0
ZN86888052,0
JD54879004,0
DJ94357590,1
PB74058370,0
YY40879868,0
BV23372545,0
TV52239283,0
XF28426437,0
PA69105936,1
LE46385311,0
YR57079347,0
OJ04582794,0
KX55721132,0
FQ87654836,0
SW39005389,1
BI76703230,0
WN58336007,1
BT79400368,0
PM15175366,0
ZN20377687,0
AT91272597,0
RQ01636752,0
NG72022888,0
FD03600147,1
LX49302269,0
LX57719344,0
OE09080969,0
OD73406508,0
JZ80945478,0
IP76472148,0
FU00522579,0
DL44850128,0
PH21739728,0
QJ45727952,0
GC83638246,1
VX97391031,0
ZV56006367,0
XY27072746,0
RI11814776,0
IT11437105,0
YY96167225,0
OO70753648,0
RZ04471376,1
FK60979499,0
YI78992434,0
DF05951155,0
JP14459706,0
LD89195198,1
VU21406723,0
HC27569041,0
ZA65168242,0
FB48631598,0
DM11639643,0
AI33986784,0
AT29712114,0
OU13475111,1
QA14622089,0
VX34493984,0
XO06709836,0
PZ34252662,0
OF26058730,0
FG32364521,0
LD50236549,0
AU61719086,0
SA52887988,0
JU47971827,1
DU37329741,0
WB59979245,0
WS00060705,0
QY14241528,0
FX73827899,0
XM76559172,0
ZL39584126,0
UP12081942,0
LN71178053,1
NM73911107,0
NX25151777,1
ZG11784695,1
YY04287141,0
QC94730225,0
PC74173819,0
OH47284784,0
KL91889359,0
UU44867749,0
CP79193604,0
BE05691051,1
CP92952085,0
QX36953762,0
YI40856060,1
NY83110157,0
RA44471659,1
FU75994344,0
ZH80859034,0
IQ70800890,0
MV68223417,0
MK23975410,0
PK90971188,1
BB42537175,0
JY66183313,0
HO20574084,0
PY52627547,1
GL15388774,1
QM37894253,0
YM14559991,0
CQ91882347,0
OJ14345651,0
TR37545605,0
LV16204883,0
OY25510082,0
PT07587447,0
BW42928012,1
OQ80785070,0
WU22906789,0
VF04423711,0
YP04167455,1
ZW35671940,0
OM50102137,0
QH26152985,0
MD86612041,0
DZ59783125,1
SN64413206,0
DF26870860,0
ST99198485,1
YG27708212,0
GQ94740491,0
QF24300169,0
EM54658399,1
II29969503,0
CW75686926,0
LO92542429,0
MJ23753299,0
GF52529171,0
DM63658541,0
NM46444975,0
BD76079293,0
QR77003821,0
PQ95279375,1
WT13001272,0
CA72027271,0
LF87367900,0
DV44122271,0
WF13857150,1
PV90487657,0
OF66275658,0
TY17916248,0
IM15385544,1
ZK79257935,0
NE07353346,0
ID63703115,1
EV43053364,1
KR77136317,0
CW68677893,0
FJ12672070,1
DI71992602,0
XO74459377,0
RD05712292,0
NM00471596,0
AN31580014,0
XV76241750,0
WX46440080,0
XJ95930749,0
IE26421250,1
TY28220038,1
VJ13955469,0
TU12763134,0
IQ61409937,1
ZK41866251,0
XR39643765,0
BM98018064,1
KM11375073,0
JJ57986992,1
PQ42880878,0
PI48187743,0
MP37317001,0
AS02389043,0
XR26158534,0
DH85288207,0
FV65867626,1
PW38120873,0
OB19614424,0
PR96178823,0
PP08580775,0
QL64676252,1
CV82729149,1
VD77579188,0
YP90360225,0
KI18866345,0
YA43183213,0
JB78698770,0
ZQ56177605,0
NP25655173,1
LN66140721,0
PI51367364,1
UJ26043117,0
YB06367202,0
WI35924273,0
FK42560658,0
CU03340106,0
RP38867021,0
EW56741904,0
BU55716652,0
BS59204086,0
RI38429041,0
DV09907330,0
SS68835442,1
ZK08911406,0
LW41567035,0
FD84751057,0
RJ85834249,0
XX90265169,0
SD51162129,0
CX68768102,0
QV88996994,0
OX43028496,0
YX05605858,0
NN54685783,1
BV12656378,1
AU64604394,0
UD84174875,0
VS42965005,0
JZ40042425,0
WL07589324,0
KI72252239,0
HW94300791,0
DP79627446,0
BM48659816,0
ER75776644,0
MD06328431,1
QM71146527,0
CJ80436745,0
BE17891229,0
BE30638301,0
LQ53577272,0
CW37154379,0
EL78970018,1
KD71793662,0
YH71724917,0
QB07470758,1
EU71847023,1
RF29703078,0
YK33581152,0
PU42293355,0
VN94428326,0
CC16702939,0
MH66924424,0
UQ92174369,0
XO42693118,0
SY81282430,0
MW79558492,0
MK77611944,0
KR36559958,0
DN44846406,0
EW57813679,0
GK77338204,1
DI56447611,0
LM02433032,0
DC83454366,1
FN12197034,1
UB06803018,0
DR95399200,1
HY38051564,0
GB82601895,0
NV46004532,0
BV42132256,0
IY15688001,1
HX62874696,0
GO37214220,0
VP30987328,0
EG44122294,0
XC59664892,0
CH08949087,0
OS57598445,0
HX46133548,1
QM47158542,1
NY63542422,0
ZP68880878,1
VJ32242106,0
KP49859034,1
HY76338303,0
DI56808747,0
IG55669810,0
KL05360735,1
FG81662971,0
UO13750382,0
KC08939111,0
LT11128686,0
DB38945565,0
IK30338401,1
LF92972158,0
LB22429975,0
NO78377536,0
KR96419183,1
MB82347817,0
LF53093125,0
QB95668183,0
QG24487505,0
PQ91870819,0
EX23358791,0
JS80508547,0
TO56368918,0
LU50650374,0
YX62891228,1
II48749012,0
CE90442291,0
MM13231248,0
OI82118903,0
SX80739351,0
TN17486825,0
ZF55093478,0
SW17233191,0
PI59871513,0
UH11554254,0
TD11687691,0
GS65991385,0
XO61182178,0
VQ25791695,0
EX97435949,0
VY90421589,0
HA55802292,0
CY69697134,1
NE19560944,0
TW82547350,1
ZX11057514,0
SE55521313,0
AD87026666,0
YI66525421,1
OD13981280,0
DO23292008,1
BG70358443,0
UN21730393,0
IZ37187582,0
CZ26357058,0
PO72509734,1
TK79115468,0
RX95750794,0
MB47368770,1
BT77127111,0
OE97237999,0
ML38951653,0
ME69557683,0
FB70299246,1
YR21582925,0
HW45336422,0
HC14889517,0
OW15438101,1
LJ69493162,0
GC74352249,1
RF55654146,0
LG33790255,0
WN58830919,1
LR69929765,0
HF43398966,0
QE22980928,0
WU42129555,0
HD22209090,0
JR71766956,0
OQ59358331,0
BD38149708,0
FF01404088,0
TY35588671,0
WY33429717,0
PO11990801,0
FW81122021,0
TH25687822,0
XH67455250,1
XP45074390,0
JC83774948,0
CV27960841,0
YF33586716,0
HX58447849,1
FB05928509,0
DF26234551,1
AS72689828,1
DD49753735,0
DH35368684,0
JO97606655,0
QZ96096711,0
BX99147020,0
JC92571222,0
HD80707924,0
YO82310107,0
CY76425901,0
NN53610587,0
KE55851302,0
FN51389800,0
EG45715385,0
HZ79716237,0
DU33488002,0
FY21702532,0
QK70041199,0
CL46702458,0
KQ55248225,0
DW67405508,0
CF46726170,0
KB71585014,1
JZ36269145,0
VC52608937,0
XZ57323394,0
JA29847995,0
YY31358603,0
YT13470605,1
PZ96754607,0
YQ65998272,0
RI49473779,0
EU16592562,0
LP04794342,0
WL36900968,0
GA74592688,1
DP08374708,0
GT03721171,0
PF05136450,0
UW60428616,0
BY65481311,0
YN51057916,0
XW18000609,0
TD93951199,1
PM19403334,0
RI27162322,0
RR88684726,0
GQ05645061,0
FJ08531030,0
VZ84986073,1
SI98995609,0
MV75083226,0
TS46131286,0
HV22214245,1
ND85954311,0
GX44618917,0
GL81983410,1
MF94885989,1
WX30651155,0
TJ69169147,0
OK51936461,0
JD66833688,0
CU39576678,0
WH38880240,0
UU36326793,0
WG70710302,0
SO27592523,0
RA17272930,0
TU57849258,0
MZ08395119,0
BD13282680,0
SP47119527,0
LW09751473,0
JK85343438,0
BW12270793,0
RA69583312,1
OS50848077,1
CJ81578247,0
XM16191301,0
IJ29175783,0
JW65673980,0
XI84650656,0
LI49503325,1
GN89447892,1
HO01918352,0
GW34982013,0
LV85678796,0
LR85613006,1
JC97239298,0
CS46829772,0
LK57588849,0
UR01936655,0
VA30345417,1
IZ99135964,0
OD55683179,0
XD83953487,0
OZ51468963,0
EC33498034,0
NQ06325599,0
DE92525287,0
HZ75291641,0
FG18153358,1
ZD28966102,0
ZV48669494,0
IF22592240,1
FQ60247105,0
EW92216915,0
UR64081548,0
WW04878777,0
OL64891099,0
ON01530907,0
CY31687805,0
JN37766570,1
VM74931172,0
AR68756279,0
YE52382941,0
EY70955800,0
XH51775186,0
GK53645495,0
PB36392930,1
LZ58803230,1
TS54437502,0
FR27934942,0
DP17561949,1
AB77582337,0
HV65415402,0
SL61799012,0
CD09968464,1
TN81359674,0
PK80130453,0
CS75615671,0
RH33062040,0
RE15169718,0
QS67410383,1
BM83312250,0
AU67143850,0
HI43552320,0
UI33343462,0
WB05194264,0
GF30841473,0
SM72152961,0
TD99650066,0
ZK99763365,0
QK64452095,0
NV99684050,0
GR51834450,0
QQ14979293,0
FW36681551,0
FB68060764,1
MU43735847,0
KH13270560,0
PZ92339063,0
RT66735612,0
EP08383024,0
JD98767581,0
UY27909993,0
WM40511145,0
SV75965796,0
JR49028102,0
KF10730620,0
DM42651315,0
IN61342359,0
JR88690964,1
KB49813425,0
ZQ07092634,1
AN77285796,1
TA87269532,0
KJ42931457,0
EP62207054,0
WG18662097,0
SW56346200,1
YR09528090,0
JT39920432,0
KW05617315,0
OX10522826,0
NW79996993,0
GS93398559,0
SA01682538,0
XQ03206557,0
FU08065443,0
OG21694962,0
ZK27811724,1
KY36101600,0
NI98982352,0
LR85210779,0
KC91670089,1
DX52279972,0
OM13249434,0
UT68176562,0
YO30650767,0
BO64818879,0
DY95066659,1
TS02787531,0
FS22343661,0
HO07031389,0
ZB05532650,1
IV76750533,0
AX94681420,1
HP36763034,0
MG13232034,0
YG34863403,1
RX67970718,0
FA97037828,0
EE16548455,0
AK39611856,0
UT15028295,0
VB24534366,0
RW06415045,0
NU74954984,0
PT60463921,0
TP19325388,0
HL22358779,0
OA67377534,0
BC28939261,0
WS86595484,1
AM31805653,0
XN86704683,1
HM79051168,0
IC00501159,0
YP29124666,1
XD08469729,1
DS61730390,0
HY11002873,0
OB61125022,1
LC25983598,0
RA14402710,0
LY22084843,0
XL15781078,0
QE75398393,0
FG02386242,0
UE15560438,0
RB83951024,0
MP34060585,0
GQ56972153,0
HB27046996,1
SH59335378,0
GA97587996,1
YL32403098,0
AZ73897607,1
MV30557855,0
CN50575989,0
GA00368557,0
UR84751398,0
TS48790944,0
VU95810751,0
HK50356639,0
OK51049542,0
LK88473633,0
YB17812982,0
KZ55278465,0
GJ77683145,1
BI19904190,0
UB01137321,0
OA69647554,1
AP29386336,1
YB70418881,0
DX26959698,0
FJ65326429,0
MC03888332,0
DS12019027,0
NM14951375,0
UB21662153,0
NV64395875,0
AC66293723,0
DQ84846826,0
HN16650562,0
FI09728667,0
DF43039222,0
WP95959629,1
RC33938824,0
PJ29512146,0
MW98788126,1
SL86603936,0
KS00056756,0
CV19193909,0
RI90070115,0
GM73829540,0
AI98785589,0
XU92576100,0
WM25164834,0
YR27479312,0
IO64501305,0
XG91996924,0
PE64755438,0
OS62463410,0
BH31650121,1
BY29167221,0
UO19018172,1
VI71615290,0
TP27036085,0
FA94450183,0
SZ81632024,0
SF39724796,0
OB83658840,1
GI42995972,0
UM30937823,0
HP74170295,0
MZ66412738,0
CQ02494986,0
YL41042630,0
CF25241598,0
TA56855990,0
VE65481857,0
BG56656038,0
KP31157587,0
OZ16120765,1
MZ27109963,0
HI52932962,0
IT45294231,1
KA49286896,0
OG68455036,0
SU83900909,0
EP39618523,0
JE97590136,0
WZ93363955,0
BF69691503,0
GH91818070,1
YD51629025,0
BI22629429,0
FN66630353,0
IZ74848330,0
AC51017932,0
YI75801087,1
CT80406170,0
BY44865305,0
DF11376635,0
WA29387511,0
KC33883890,0
WK82455958,1
CD68591807,0
RW42504859,0
AR62190485,0
VN69710758,0
MX08036501,0
QD25022352,0
JT17575884,0
NE65876058,0
QK50312977,0
NS03526027,0
QE52301728,0
AV36616134,1
TR65735912,0
GL09036401,0
MR92775469,0
ND50155205,0
MI07631934,0
XF96727366,0
PJ01082047,0
VW55987413,0
AG12294759,0
VJ99554426,0
SL43603552,0
CQ95726595,0
QA35692790,0
BK48736486,0
XY08247978,0
YP84611557,0
ZV58446757,0
ZI29944782,0
PW12899542,0
RM59765923,0
ZR88183108,0
GG36077491,0
AF29350541,0
RU88743669,0
YO71977002,1
QG13232069,0
VR98401234,0
WO94946148,0
CP53307282,0
DK41689417,1
AT81884498,0
AU99146295,1
OR90209430,0
IA58803002,1
RE47179159,0
FP17029615,0
YJ51888352,1
LS71552752,0
VU91334641,0
JK31024556,0
EJ59363288,0
CV90573244,0
ID81556605,0
BK28517717,0
BP16205751,0
YZ04191483,0
JZ59104049,0
WA47109859,1
QZ20320225,0
AS44932964,0
ZJ52252853,1
JA92179827,0
SM10919635,0
JH31402004,1
DX29712437,0
TZ29312524,0
EF98649440,0
JG68481124,0
OQ19706028,0
MT24673094,0
AN51384776,0
EF18815856,0
LB52453842,0
YZ92011486,0
RB21345898,1
GB94180455,0
WT43828075,0
KZ08136029,0
IH93951195,1
VY81673800,0
FJ41410753,0
YT15223087,0
UY60366370,1
YG43656058,0
YC00770674,0
WY46061362,1
QS98785557,0
LE68976921,0
WE97863835,0
RQ98238309,0
NZ73371851,0
YO47810444,0
XY89858129,0
ET44604102,1
YW90899738,0
PN85886578,0
UD58515582,0
CL19696744,0
AB76382696,0
NE16512148,0
IG04760862,0
UU51062936,0
BJ28873618,0
GL96586067,0
VO90883989,0
YG43872538,1
SO31488612,0
OF66138914,0
VE35729534,0
EI29000831,0
YY54030671,0
RZ11989453,0
ZL55523499,0
SI63594954,0
NF01012610,0
SI49124832,0
VW32518622,0
IF43282059,0
PO74073302,0
HF56838613,0
SH58649914,0
RX67784802,0
NV41953744,0
CE61236407,0
NW69316953,0
EV89447527,0
FA37627663,0
ER47804823,0
XV37046129,1
PU34480036,0
KJ22366685,0
RQ17551275,0
AT63283607,1
VZ84374201,0
XG66785846,0
QA75713252,0
ZG19287308,0
DD62282753,0
UG46333087,0
DJ00955634,0
QG99047487,0
AN87566625,1
VF36432522,0
SS69628383,0
WR32770897,0
XH10291190,0
QV53047331,0
HV46948268,1
XX31920531,0
YY41273722,0
IL68599205,0
UF35758572,0
MN50799324,1
HN29007801,1
MF19570139,0
ID36540781,0
LE54072811,0
EG98404947,0
GI30795795,0
TY18934304,0
NX24916076,1
JL81485252,0
KW76757898,0
BX18526413,0
ED59370264,1
NK19475984,0
OV32137649,0
NQ11767826,1
VL05266723,0
AB69707719,0
BY37088204,0
PX10852368,1
UI06176010,0
ZU20968527,0
BF92660155,0
FP36498090,0
DU67974175,0
BE60797307,1
MV06239560,0
ZK34112754,0
MY13235075,0
LF44520478,0
OD99484850,0
RC14503001,0
XQ51411880,0
CF02908693,0
VT27145816,1
VX11087819,0
EM97827814,0
CH52227868,1
ZA46126779,0
FW25884987,0
RX49819838,0
MN52518194,0
CS30536782,0
HC59213090,1
EX70599684,1
QZ13179939,0
JV04025984,1
FS11411824,0
EL28632719,0
QW55036261,0
YO26546250,0
IM82799551,0
NH66964650,0
JL50407147,1
GR86131048,1
TX91003895,1
DC63470127,0
AP38447833,0
AY71463715,1
RD22293257,0
HE97375212,1
LW95581947,0
DS54914100,0
OD55356395,1
CR28102745,1
IJ55487851,1
NK29052439,0
LV99634876,0
EH22641995,0
IR22075249,0
LW00826884,0
BW37756097,0
HW00052500,0
KA89680645,0
PS49500748,1
BR79278239,0
CL78991922,0
GB98404008,0
RF92072881,0
XO93984944,0
HV49053262,0
VC47802184,0
EB54225859,0
NV18840188,0
MF96284844,0
MM69980710,0
JY79131378,0
YN07191512,0
TG30918181,1
ML19116316,0
UI62333361,0
QR22948421,0
SP07029019,0
PB73186588,0
YI87364102,0
EC82937110,1
JE79609528,0
ST18554199,1
YI03177056,0
HB73396080,0
LT39352780,1
ZE31138959,0
VY28022727,0
AH12644290,0
DC64386256,0
RQ68298679,1
LX72495434,0
FD65581547,0
UZ35824073,0
YH71128279,0
ZH94240605,0
TQ73673415,1
CW57618705,1
UJ51053807,0
VH65899374,0
NG97968388,0
DX39234456,0
ED10092264,1
DY53579687,0
CV73354081,0
ON70192516,0
RN28848111,0
WF93844446,1
CN83725876,0
TQ48811132,0
DZ77461234,1
SU12273269,0
TD34356429,0
SK04791376,0
NO28576072,0
RC86120614,0
JN80268822,0
FL83556998,0
EG41123605,0
HZ84359275,0
XT18967880,0
MA26462686,0
IB64187874,0
OD48855562,0
XF11835942,0
US47174224,0
TY46941967,0
DV20927339,0
TZ86823275,0
PG67107636,0
XI80206133,0
II81175576,0
YE25613047,0
DY99290903,0
TZ04537918,0
HB02428084,1
JM01430606,0
QK07063989,0
OU84503269,1
HM46202009,0
VM33628685,1
WZ95079906,0
VD53341950,0
KB86883825,1
EM41180915,0
TY67095494,0
DV49526179,0
RD24679137,0
AP98592794,0
SH00521687,0
MS78331462,0
IV69050329,0
FQ08182771,0
OL96290147,1
MH95674308,1
CK66622787,0
YT72518986,0
QT77368404,0
PG29710711,0
EM22268398,0
CD81243687,0
GM52368594,0
EB12326907,0
BL78994634,0
BZ72091335,0
PL42223640,0
WB02323378,0
UO71833273,0
EK93861837,1
ZL74392913,0
NK77063479,0
AZ55414187,0
SS29215399,1
YY71944634,0
CU97996741,0
UT00576367,0
UU92120158,0
XX90983397,0
MA54978204,0
HA14879200,0
RD49805427,0
JF80054054,0
PL62974486,0
VA35657415,1
YF22351281,0
DR59554307,0
BN67847764,0
MW63930136,0
HP32066624,0
QR04660825,0
NW06745105,0
WL62595277,0
ZJ89231347,1
NK00746957,0
CR72682328,0
GX12713330,0
QY49729571,0
VY55030243,0
LP54375202,0
XJ02115698,0
UW33818304,0
KY17858165,1
LM14602938,0
VD73280499,0
JV21353865,1
XT22700954,0
ZB53586053,0
FQ43946472,1
ID34022951,0
GU37041657,0
PQ60908577,0
FV52577714,0
VW61092124,0
MT08384968,0
LK12767764,0
ON16522086,0
WT19675148,0
SD99086493,0
BM43036944,1
NG84161711,0
AX45593337,0
FI74473825,0
QL71078529,0
UX53720031,1
QZ76420949,0
YF53461917,0
EX22494749,0
AQ87349078,0
LN80979231,0
DI93541517,0
WK97422243,1
KM42935134,0
CL25820640,1
CK42340561,0
ZZ77859254,0
XX19807737,0
RX89191832,1
UT65737770,1
UN51899983,1
CO50903002,0
CN99896431,0
LQ34321678,0
TF46178384,0
PO85596591,0
HG86241801,1
PA33896223,0
TV53289182,0
OA82691252,0
OJ51642732,0
HG32841219,0
LL27223991,1
CU99624287,0
YQ10372919,0
QQ62119231,0
GT06507021,0
TZ56313706,1
NS95024008,0
SB14223741,0
RY76710403,0
WM10555893,0
VB85960509,1
SR44612223,0
DB63656425,0
KC36604316,0
IQ10101501,0
SD99522662,0
KK25335995,0
DP98661447,1
YC56292126,0
QQ73217226,0
BB20801307,0
MR24577378,0
UC83155392,1
IB18859765,0
BO65872563,0
WU95419485,0
HP90607736,1
UR19457745,1
QE44167107,0
DU16696251,0
AH03569654,0
XV70662865,0
AA72021026,0
WH69113500,1
CD40106914,1
LI83001617,0
ZD37401541,0
GJ45002729,1
RE86718103,0
CS35336550,1
EE93587727,0
OL09902635,0
OH12019684,1
LL69597031,0
NJ71097597,0
CS38358780,1
XZ05066972,0
NO61446472,0
SQ27560767,0
IX36793410,0
JY64231653,0
TE26019742,0
GL00780883,0
RO60419914,0
ML84366446,1
CO94672243,0
MO50420644,0
IR75972016,0
PF33132789,1
NO03794936,1
KT47861928,1
VU70431785,0
WT43114414,0
TH68290583,0
NX06139787,0
DO46280038,0
GO19353058,0
OS88764139,0
JG53335427,0
AB26349809,0
KV29645916,0
HD42489190,0
NM42681492,0
UF76510895,1
EY26660399,1
NO48170858,0
BY35183107,1
FG31107345,1
LN50588412,1
OO88259776,0
MB56270463,0
FU18133997,0
XI49209318,1
OY39943562,0
BF22862741,0
MU90925959,1
LU87438242,1
PX76333575,0
LJ28857600,0
FA41582007,1
AF77735998,0
SJ64020392,0
IZ45117630,1
ZJ78734850,0
YC90738625,1
JC75856986,0
JR42151758,0
GW12335267,0
HM13116109,1
YB10654964,1
SK99687489,0
NN04568411,0
KD62482242,0
DT31022079,1
LP42460834,1
PZ22527005,0
US97251475,0
KZ94240144,1
FR85775257,0
HU46952051,0
SV76180865,0
RK43149051,1
TJ88947291,0
AY33391957,0
ZS95286552,0
NN53945001,0
CN77724361,0
KM15957409,0
WZ08076590,1
UN43971760,0
SO55382768,0
HK79163627,0
KJ50121277,0
SD16096211,0
YZ99251080,0
XL13553301,0
MD84381867,0
XX36257725,0
VD14138654,0
NM11616806,0
JK03905824,0
QD54953417,1
VQ50048083,0
BY73258769,0
RT59974446,0
KE06975126,0
VP02580401,1
WT13634782,0
MK10321946,0
QC50447861,0
AX42516141,0
UB33235844,0
IS82788661,0
ME27874263,0
TF79013833,1
PV59691318,0
UW55503029,0
HX33091489,1
BU24374961,1
MW75841213,0
ZI79161442,0
MD78531706,0
SH70530988,0
OJ64426384,0
NR39231513,0
QF84733677,1
EY58820571,0
LK42498662,1
WE86803806,0
XW42615152,0
LN72247276,0
CY87115244,0
MV74837766,0
EA82231678,1
QQ47674140,1
OJ90541062,0
ZH33764673,0
RQ66849532,0
UM96884287,1
RM19565641,0
ZY58781568,0
MX78869880,0
AJ43453169,1
ED35971400,0
ZD26241062,0
TU67021635,0
NJ24126284,1
US65719697,0
RE27493558,1
PP67083593,0
WF79252238,0
OX85478100,0
IS17972643,0
FK49863723,1
JC96157959,1
UN72200428,0
ZD38625507,0
ZS40044790,0
YS04459781,0
KP54164815,0
JE84340947,0
PW72484357,0
LC37544766,0
JP88315068,0
IE65505498,0
MH30772304,0
KG82976694,0
DK30344836,1
VV92471860,0
TC83333021,0
AP78933969,0
ZN09678184,0
SX11012081,1
WD55374894,0
RG04932119,0
WT77237774,0
KT94709768,0
HY88466961,1
EJ05893256,0
DZ99825073,0
NP12263139,0
WN69800531,0
IM28296018,0
YW93124399,0
HV68887309,0
NG34964305,0
QV96470320,0
NH01839451,0
GA61502475,0
RP73887583,0
MP79125009,0
CL62764831,0
VR82091040,0
NI60992894,0
FP92610576,1
YJ31619952,0
UX21906087,0
AD94631044,1
EC78034749,0
AX33079652,1
OS52633376,1
GU36100102,0
LL57775369,0
IL17449229,0
EM42986448,0
FW49514011,0
DV48129239,1
XM57642136,1
NL05893179,0
VU19835053,0
HO38413929,1
NM09830838,0
AG57670030,0
ZY10097198,0
DJ00812211,0
DI75382453,0
HX44932004,0
CA90426444,0
VG27468178,0
KO81596941,0
WN11956043,0
LA70822822,0
DV72164165,0
NP88696938,0
TA12897380,0
ST80988029,1
FM92660950,1
VB45025932,0
DO43448422,0
AX20505211,0
GO99039024,0
QM25977276,1
ND85261639,0
HR80373832,0
FX86072402,0
LZ32071452,0
IR88482597,0
VV63737826,0
YX98106453,0
LA84297626,0
GC45497006,0
DF87645474,0
TL36958993,0
SC36929010,0
PR07243948,1
CR33175236,1
SL28241763,1
WZ95996023,0
ZZ85458181,0
EC05849853,0
RB96949832,0
FH54928855,0
OF91530078,0
UH90795436,0
KU69842678,0
AU66989997,0
YM78060084,0
GA16497275,0
DR57384511,1
TU05693836,0
AN24668805,0
FA61895255,0
XN15632429,0
YZ90570484,0
LX10625696,0
MW64505313,0
MD83188090,1
RF99613099,1
AX83382729,1
LF27957806,0
XK16394227,0
PF48473126,0
FN06030898,0
AJ66798747,0
BJ81465538,0
UJ85140461,0
LE06607039,1
VH00660040,0
AI28525099,0
LN14195987,1
WJ19197099,0
CP20571844,0
LA46019778,0
RH21045277,0
PL20515795,0
TH44875437,0
JE31050722,0
AI35130384,0
JU07184475,1
XH60271873,0
XY71993731,0
SB98242601,0
OO38414156,0
NT15720808,0
DX54981796,0
JB12408658,0
HM06970870,0
GR36103669,0
TD68068363,0
NM92513635,0
ME11187287,1
IA89608087,1
AG26098698,0
OS51435786,0
UX89379867,0
HC95953513,1
EG67534728,1
PW68167399,0
QQ61759561,0
JO21193419,0
HB68233026,1
CG17852196,1
SM03850805,0
HW68561249,0
UW27330637,0
DB33441886,0
BW15682684,0
CQ94949872,0
DP02386764,1
WT19313095,0
SJ32216727,0
UX64659532,0
GQ05681804,1
KX15545021,0
ZP42700559,0
XX66383385,0
LJ37178412,0
PI87957578,1
NJ47767430,0
TB38639745,0
QH43992198,0
GU61971238,1
BB25054693,0
GP80254782,0
LJ47268527,0
ZY77532353,0
GR37432796,0
SL31483933,1
ZP52760291,1
PL92696120,1
XI30176256,0
KJ93961802,0
XX66244325,0
LY58879926,0
SE56338541,0
NU10587176,0
SU41026562,0
VE93168752,0
IF11387730,0
UT24552173,0
PJ60323685,1
CD67946028,0
KD26495357,0
HT52288955,0
LY21188025,0
RB58900613,0
GQ35376334,0
KK41077051,0
OV59475531,0
IA60192742,1
PP90547202,0
DE16064008,0
SI23768710,0
GJ25059728,0
AR55058169,0
UB55821653,0
CG21272100,1
UM36630439,0
PM22630927,1
QG92646270,0
UE04215194,0
WQ04422241,0
AA80520475,1
LY61586466,0
ZM04277296,1
DS90579883,1
KG28339743,0
GR50087204,0
VZ06268621,0
TZ37085710,1
SE96253573,0
AN45300532,0
YE71733316,0
SD47222994,1
LD03276509,0
DR55677004,0
KO94417696,1
YT33957392,0
MH20346865,0
KL01316430,0
XB71538659,1
XM75096229,0
WM70365478,0
CK62377967,0
OZ73609997,0
HD31164043,0
YD17870280,0
FF42987837,1
NK92437514,1
QI81777362,0
HY20435578,0
JD69420329,0
UM30814973,1
IO64141158,1
XI98604779,0
XH90434680,0
OH30883509,0
HY26198696,1
NE01897285,0
FS13259059,0
GN04899344,0
UF46197775,0
FN28470900,0
SL98885703,1
PL64998817,0
QD78444386,0
EP56715561,0
XK17617810,1
UW04550921,1
LF18175189,0
JN06230539,0
VX08021139,0
WR25721948,0
RR11281609,0
VV27144985,0
IV42394308,0
RD39991838,0
PL63781033,0
QN34403677,1
VL79849958,0
LL38938627,0
GX75561459,0
OD14832084,0
WE65933025,0
FW62826921,0
CG54463407,0
YE94443594,0
FU03537238,0
QK83223780,0
OC13514905,0
UM49944210,0
SS64526096,0
SD65254385,1
OE04825728,0
VV96392939,1
VI20610747,0
XH94040830,0
SP97363172,0
SA57767061,0
VR44157309,1
ZN77273906,0
IN15969441,0
XA03767755,1
GD49608256,0
PD60833136,0
DB26823495,1
EM99407193,1
IJ63648321,0
QN81733718,0
IA89800579,0
EF68462976,0
HF52171192,0
RD40697805,0
GJ48922061,0
DI21997630,0
MV07649489,0
TE00535026,0
OC08625571,0
RW43869458,0
OT67464453,1
OP81507914,0
GZ90986646,0
WX78732109,0
YB55326632,0
VT11261764,1
JW55669148,0
MV89071748,0
LX26149302,1
ZY48561047,0
YI06761708,0
GX25109929,0
NP58619475,1
FG42235503,0
PX06334330,0
FR76304038,0
ZE46528458,0
LN59826508,0
YC97199154,1
HQ45095489,0
UZ43518730,1
JP95728343,0
QF59327782,1
YE71222576,0
QB88892263,0
YF51614098,0
EK80115156,1
GG99168443,0
CU76817523,0
QR29700519,0
VD84370649,0
XO61584280,0
PK24018316,0
NK65955610,1
TW50532270,0
ND18536252,0
VX44019330,0
BC88235528,0
SP30733843,0
BW22449508,0
FJ89200760,0
BL60676976,0
XA44609188,0
YR11458387,0
BQ09272528,0
XL20361027,1
FJ78179106,0
KT30660869,0
OB44255181,0
HM70635531,1
QE02011603,0
BY50178520,0
OM32733780,0
FV35859428,0
LJ66597546,0
YY45919337,1
TJ65526421,0
TT62103628,0
OY20560495,0
MW29225725,0
ND64729798,0
UL57569139,0
FN15993921,0
JJ01346844,0
RL28567715,0
LC67507441,1
QC92598402,0
EF97940899,0
QE19145084,0
JJ06519986,0
QF64085460,0
IS65974038,0
UI50399698,0
HJ32712210,1
DX89697804,0
HG80602929,1
AR48870256,0
UV58867435,1
CM48554990,0
CL20080731,1
TP83642575,0
CN23875966,0
WP94500617,0
NK71333702,0
TR33363048,1
JK91793538,1
CY03612118,0
NH09787553,0
ON54622683,0
BT78892830,0
TZ21213777,0
IC48178279,0
OA41006532,0
SY50569571,0
UG84929254,0
CA92832209,0
QT26810363,0
UC05598995,0
SG61238834,0
RW56863898,0
HS32990759,0
TU55606029,0
KN14515253,0
KX42106114,0
NY09901243,1
PF73652054,0
BW01548943,0
EO49299742,0
KP26614571,1
ZQ72870574,0
WE35699021,0
HG81350217,0
TY38999974,0
GL24643121,1
EQ74848697,0
EQ10494584,1
HZ25150793,1
OJ30170690,0
DP69907219,0
DR37495786,1
XS46306756,0
MX95149976,0
WN68329334,0
UO35420078,1
DJ43719433,1
UA29439466,0
UB66271292,0
YG11419234,0
HD11465910,1
KK57696706,0
TJ19874922,1
SA51736601,0
LD19072574,0
WC80490343,0
WL43192796,0
ZX63474318,1
EV27133721,0
OP58012034,0
XO26825073,0
KT69926304,1
NI84419584,0
YC22534061,0
PN72850248,0
ZX29189477,0
PV31211506,0
BH07499780,0
UP54972875,0
RD78173035,0
GT00021890,0
TJ87619124,1
KM68029614,0
WM01696895,0
NM72484641,0
DU70106477,1
YW37399846,0
ZF05298200,0
XU12493275,0
WA42360680,0
VT52045038,1
FQ42448079,1
LD10106475,1
PA96385818,0
UC63015106,0
BF07988498,0
KM19273461,0
MT98728187,0
EV61333749,0
GG02760581,0
WT96339585,0
KA83340400,0
YJ38966065,0
PX50761196,0
YJ16637492,0
GI29002255,0
NP35017850,0
MW31697908,0
AF55702848,0
SJ89760483,0
AJ31330687,0
ID59237846,0
ZU27001498,0
GX04776247,0
XS65459032,0
KX99710160,0
GL19298485,0
PB05285498,0
AR35770249,1
FY38536723,1
IU15828822,0
RK03941696,0
GF06019581,0
MI69628287,0
TL03256027,1
UJ26153495,0
ZR12861549,0
CW18251127,0
KS81755120,0
HT37800677,1
LC74337916,0
RH28857773,0
OQ34141313,0
TQ03615254,0
NR92700376,0
QK12625148,0
HG24304895,0
XS09885622,0
CT44227000,0
EY86924006,0
BQ12973913,0
CE38477282,0
MG56704478,0
LR27931781,0
LB09512322,0
UW17476903,1
ZD61011502,0
JE40133309,0
HP07510471,0
CH52639238,0
JG66327751,1
PF64721903,0
QX09666265,0
QR05166375,0
IB38634797,0
SG15752248,0
TJ64640323,1
LK68337884,1
XQ28055289,0
RN30148746,1
JD69738057,0
UJ53207582,0
AW35808669,1
PU26842724,0
DK02525227,0
BD16561561,0
KC33122286,0
ZA05418835,0
IY61245946,0
GK36431082,0
DF51066177,1
SE75971484,0
YX30227364,0
WK93815526,1
RU69041148,0
JB49545980,0
YH95191682,0
RI28056050,0
YX97651059,0
QB79344319,0
AD99109627,0
WT00369308,1
PY09948185,0
EA61628975,0
DM32442008,0
NS76306338,1
QO05084893,0
BC96286871,0
XH26698884,0
SM47127679,0
NZ81377805,1
VR72217837,0
PN67332263,0
SU03579634,0
BG82630996,0
ES52607079,0
PR42496431,0
GH46476647,0
RH52666660,0
JU31991580,1
YR53639568,0
KA18025031,1
YI71915600,1
DG66913846,0
PN62351061,0
ZY31531118,0
GX61139734,0
VK32519895,0
JT46037227,0
OU90598847,0
KW17112286,0
IS60065904,0
RJ50498652,1
NC21322646,0
JL41473714,0
IE31908761,1
AS90664300,0
GR15840220,0
SW30687749,0
ZG49264992,0
KU79082325,0
LB48863935,0
MV79834493,1
UC09000749,0
TL10594633,0
CS52812422,0
KS26578867,0
YE82251638,0
UM88189313,0
DH32539643,1
IU70643538,0
NY34490991,0
HP75747362,0
AV39141042,0
QP26214077,0
IN55532817,0
SB53959535,1
JX00589343,0
NH21392386,0
SE29099005,0
UI23561374,0
JP81798628,0
WJ31399079,0
FF81997439,0
JT76165279,0
OP92633057,1
TA95558288,0
PX69118324,0
NH70949224,0
XN85043873,0
VR97443727,0
SC08936861,1
AT89408946,0
CO54887221,0
MI87135308,0
CC34165858,0
ET48839028,0
GD82374891,0
JG24357003,0
CN56705833,0
AK73936459,0
OV33157419,1
XX56907344,1
IQ76609427,0
HN98766927,0
CI32720303,0
EW84573375,0
UB21003323,0
TE62597827,0
RP77905848,0
JQ60117183,0
QY84669366,1
CN95812031,0
YU53517967,0
IQ89987114,0
UB97669218,1
ZL24877268,0
AC65238788,0
IY80180697,0
SD08752145,0
CK30166985,0
LA64168804,0
KR91010672,0
SX46876021,0
ID38016240,0
TF21617424,0
MP60485413,0
UZ84547241,0
QX30318109,1
ML68522849,0
HZ59736650,0
UN40299632,0
EY57948836,1
HI09746557,0
LT67655737,0
BM35798269,0
PH87546277,0
VS75311217,1
IH25922152,0
WD43750941,0
JD50245918,0
NS48123481,0
EG15048959,1
EZ90248833,0
OL64899628,0
UA77799205,0
WP37482326,1
IF66032660,0
QV23029544,0
YI71840127,0
YK54534976,0
MA85455193,0
QG82686014,0
ND90612398,0
VC07602922,0
NP45503390,1
NZ99742743,0
SL79285447,0
SH42847318,0
II55450405,0
JX92242427,0
SJ04087037,0
JY56133803,0
JU14438522,0
RQ02912228,1
LL82755047,0
TY34733640,0
QQ60003193,1
ST81497969,0
KV93578845,1
WT88364820,0
SB17060265,1
ZS22898115,0
BE45025696,0
ML56107637,0
ID21627650,0
JF47016385,0
DU81276928,0
RD39260076,0
CI50081944,0
AO57540008,0
UQ21871200,0
UO08886740,0
RI48065462,0
IU81531476,1
UC25079139,0
JJ16416116,0
FJ42168710,0
LM72068663,0
KI03991127,0
PS12436764,0
PG38361496,0
KO76020717,0
KR69772274,0
SC50846153,0
KT69882255,0
HR24220537,1
RV85128242,0
YZ32024989,0
UE22672428,1
UJ45416366,0
GN93424885,0
ZO27725803,0
TK31754329,0
JG69411367,0
NR95486067,0
BS74087869,0
OC31271044,1
SQ66639888,0
ZB57049019,1
PR19423235,0
JZ72511910,0
EL35240456,0
ZA40599566,0
UR94681300,0
WH61025860,0
ZH95761512,0
QA21422833,0
FU88919729,0
MO58549370,0
SH71638656,0
LA96036999,0
GQ00692350,0
TG75812258,0
HH28188293,0
PN85346355,0
XD20627616,0
IZ44272550,1
UY76971752,0
XG32140258,0
VP01825808,0
NN28737345,1
BL60380776,0
RN27661128,1
EN35299739,0
SO29522611,0
DL63566661,0
DN49975647,1
HU25382006,0
CP83325031,0
CY34299682,0
VJ26848662,1
NK54851742,1
VO11953789,0
LX21167856,0
PE32787051,0
BH36233537,0
ZL16035551,0
YO78593688,1
YO41899748,0
KR88076333,0
JW66225929,0
HB42694163,0
CV80020378,0
PC65372969,0
PD42257178,1
BJ44651894,0
CN86479393,0
MR72583199,0
JP89709971,0
CQ95725401,0
PG02303624,0
NJ16609136,0
RO92390237,0
CY62666539,0
DW98127023,1
KP83127259,1
BO84790716,0
QJ15862142,0
VT54897261,0
OW48798094,0
NU46240269,0
WK67195347,0
AT25206174,1
VU08009855,0
UZ48065767,0
NQ12044868,0
FA98860859,0
NO77699619,0
KC13349718,0
LZ60505958,0
DT28747109,0
MY52371121,0
KR84147933,0
UB39162298,0
JN64169355,0
GC79497438,0
NF42537653,0
IY13602222,0
DB91552721,0
UE70393393,0
KK91645354,0
ON95159947,0
RF88573193,0
FI95475124,0
PS16990950,0
RP17311539,0
UW41053013,1
SU06106451,0
SY00427305,0
VI74331900,0
LP16731629,0
TP48687754,0
KI84401141,0
SG59536714,0
OG34587279,0
TF56873932,0
WZ13564154,0
FX90756199,1
WV07661620,0
YW93327638,1
GN92489202,0
DO01052783,0
YH06213844,1
MT22678114,0
QS57474034,1
KE79539384,0
TT76843043,1
QN13641443,0
ZZ65684458,0
EU19232800,0
SO73770114,1
ZT29326496,0
GI36738563,0
AA16904673,0
GX03399243,0
XI31064316,0
BA08569793,1
NQ98211401,0
KH65596346,0
YV01375413,0
ZD38512649,0
GA88012483,0
JQ88206741,0
LO19205527,0
BV83704577,0
WC69224093,0
SU62657186,0
KJ26305398,0
PV94650451,0
JG37927383,0
OK93329772,0
EI51093239,1
IW03826731,1
FS56857307,0
YE22172549,0
NW57276121,0
KT29101013,1
VU36908462,0
YC48392935,0
JT99573798,0
YF75360081,0
WV31743874,0
EY57720017,0
OO71851886,0
ZA80030840,0
OY64647671,0
ZM29008335,0
KO59747675,0
PZ90225310,0
JX94421775,1
CV86926297,0
QM28528063,0
CJ54101019,0
SC17103690,0
UX17327747,0
CJ39542710,0
KG93502298,0
LG19164910,0
BW12376219,0
ZL76622562,0
PT34620403,0
XA82293450,0
EJ27878319,0
VW54821759,0
VU21757389,1
EA24575898,0
YK22804215,0
MO89890114,0
NY57645413,1
PN44211087,0
CY39329596,0
YJ85438745,0
PU85457074,1
GR73710647,0
SJ83480887,0
CA68957105,0
NE12707344,0
AR28602560,0
YO70098862,0
WS52829482,0
GP54848273,0
VS59760857,0
WZ02632956,0
JL23603755,0
WW95364014,0
IB66290278,0
DN11360108,0
RQ83854691,0
XT32371544,1
EK20968616,0
MK17686056,0
PC08765701,0
KW77019658,0
HE12871801,0
MB72250215,0
XX98786750,0
CZ89850975,1
TN47083579,1
JM60638556,0
SQ61051703,0
QK19998179,0
RR05570281,0
HZ83042013,0
QQ48689962,0
NN07958632,0
MH03652270,0
UW94063425,0
ES88129416,0
FP89249389,0
CT82031988,0
MD81106569,0
OG26533628,0
AX13356789,0
LE00438153,0
BT42331774,0
AN29883455,1
CU05549218,0
MB64961624,0
CA78969776,0
CD18593181,0
SC61383905,0
IB19056356,1
JU24201842,0
HT64509238,0
YQ66402435,0
RZ72169164,0
LR19510856,1
FV92167806,0
AJ64751598,1
WN01714260,0
MJ46563235,0
QN41384397,1
PS42204209,0
AF01811938,0
ML68195485,1
HM52939368,1
GJ79574574,0
KE67726270,0
YZ99563332,0
CU68276352,1
PM06775873,0
YV63521251,0
VD30606394,0
YN75127167,1
IR40047800,0
YU07096171,1
PW53911545,0
NX02904212,0
DJ76968193,1
UM88221602,0
BQ50846447,0
RE03816927,0
UR48339242,0
DV34063819,0
DZ24085830,0
WT17503115,0
UK66724641,0
LA21903053,0
QL24894328,0
IJ21406898,0
WX61156440,0
SE37660466,0
CT08074237,0
MX95952201,0
OV84413304,0
TM95224491,0
IK02156580,0
VQ76050909,0
ZE26072866,0
OQ73042285,0
QQ38005665,0
XD50230549,0
MB37256095,0
CR44694369,0
SY11430912,0
QN85824026,0
BC62487939,0
NH19464881,0
EF05533225,0
KS97830857,0
HF77051741,0
WV41250004,0
ZC47397340,0
GT23790366,0
UO89581408,0
MA05110607,1
PZ10614462,0
UJ04525866,0
TJ09192516,0
GQ43187888,0
LY15919078,0
IQ57643771,0
HL94546751,0
AY57884167,1
CG40488313,0
JE41461440,0
LK71769453,0
SM08555775,0
MS70392274,0
XA91007685,0
AB14149620,0
KK78533530,0
SP52446615,1
TE30794244,1
PZ39166500,0
SU13303448,0
UY62047926,0
AA66284115,0
UL67367642,1
BP44758291,0
KU46663004,1
ZR10265560,1
EL78896883,0
LN61440684,0
RH12729952,1
YA34315753,0
CB66554301,0
EJ44166686,0
MK60519350,0
CM33790895,0
QA70504736,0
QP98167501,0
LS05435897,0
RH95293345,0
UM32360795,1
YY20032628,1
UW09941004,0
JD75711788,0
YN87950728,0
NI56852781,0
SE17356723,0
JF13794256,1
JV97043969,1
YI13471282,1
EB89877948,0
UW11306769,0
KH26465625,1
WJ39270201,0
JM60889601,0
WL26389314,0
YL51038357,0
OE69854293,0
KI45164749,0
MC34325547,1
RQ39078292,0
CQ34179305,1
FJ66190826,0
GV08095847,0
MI67893532,0
WC69799947,0
IJ23409143,0
IE91335959,0
BG35847331,0
YN61310251,0
AW21319358,0
LD47399418,0
QL29314697,0
JM42148315,0
YA25263847,0
OG69695286,0
NF61044415,0
FK25821466,0
DL46814320,1
II64275449,0
BC59398488,0
CQ58503955,0
IA00741704,0
NT23032181,0
UF23685805,0
KP69356297,0
ZX61740357,0
DG73188105,0
YC32700636,1
ZT87985887,0
LT25733483,0
TX53724815,0
ZL64917891,1
MQ58470054,0
QT12297365,0
TJ63832393,0
OC97944708,0
WI93333125,1
EH44457442,0
ZW31163341,0
IW09069581,0
YB99309442,0
US93710527,1
KG87103200,0
AR27115164,1
XT89364838,1
VA05434020,0
NH92609121,1
PW66569085,1
PS12060184,0
SW25802290,0
KP14707472,0
IH07125583,1
NV47629963,0
VQ98972621,0
DA76582418,0
SS14518181,1
YJ27443348,0
EK39470692,0
FX29584597,0
OQ71664822,1
VB20172379,0
SP75631966,0
WF18375420,1
CH38856127,1
YR91855360,0
BA01722854,0
KV61891415,0
MY44827010,0
AB64113916,0
HA12290542,1
IG45568076,0
MZ75565400,0
TE85811167,1
UX93328249,0
LS04955028,1
NF03425382,0
AS81708811,1
GU56296061,0
NT03633481,0
JU25746913,0
DC70806284,0
MX12996415,0
XR30478853,0
IT45546688,0
DT07709594,0
PV98065028,0
MV91165348,0
KG47947908,0
EN05859053,0
AE73955630,1
JM87065701,0
HI17509655,0
FB14605392,0
VF95780144,0
NB84239773,0
XN53163473,0
OC78829391,1
CH27411918,0
KA45820173,0
OX22775139,0
ID45239999,0
WD08409740,0
EM42749231,0
GC80525069,1
FK45068584,0
CO86642790,0
LL23357320,0
DN75249757,0
IJ37956080,0
QI15452146,1
BV56713437,0
JZ94817134,0
HD46315804,0
QQ41164210,0
XJ07355999,0
HP38611671,0
EQ69182528,0
AJ97301145,0
XD21026298,0
LA29872408,0
XM68823466,0
NG76098259,0
HS12184196,0
VB16635855,0
HJ23802151,0
QK36832734,1
QT60752418,1
BM37512623,0
HG58818642,0
TO26244640,0
DS29698683,0
HU50841929,0
TE48878162,0
AQ57771272,0
WU41249752,0
NA24048804,0
PQ32913953,0
VF15184127,0
HM85505439,0
ER63158613,0
QS02782920,0
KE66970846,0
ND63637533,0
UM73173045,0
KP63821936,1
VU61326239,1
JE90412723,1
YP44953307,0
RQ85354983,1
RS50252110,0
VO37973096,0
LX38968125,1
BH64035763,0
SJ90118147,0
SU44069645,0
ZI02702511,0
YR56603961,0
WJ78120860,0
YL32363014,0
LX12260338,0
BE12586078,0
DG98250840,1
CD16939802,0
ID93776321,0
HL11766415,0
OB61165115,0
NX87745073,0
BR39883343,0
BV43194735,0
DR19624134,0
RY78347208,0
KO32407343,0
IF95293929,1
EC98141040,0
ER57536370,0
NS42643334,0
RZ39633013,0
SP29069413,1
FI47898012,0
QZ70660288,0
GG13179655,0
RA13483571,0
MN60896407,0
CC06930196,1
NS09287611,0
FE54180195,0
PI81913969,0
VT15464465,0
TA78080896,0
VL05297143,0
LP64420291,0
HU79470717,0
EC00386023,0
OR53472529,1
DZ18158109,0
CD79435731,0
XR42812867,0
KA64216150,0
FI91740170,0
LJ97372162,0
ZS64215666,0
TX55004828,0
LH92561153,0
TN45696841,0
MB53147046,0
YI50969485,0
VD45650732,0
ZC48754368,1
GA39775343,0
QG36360058,0
CL32115915,1
KY22597296,0
QD27884420,0
JP64148027,0
YQ62022699,1
DI11422851,0
WH62424110,0
YQ80262519,0
BV94338857,0
TE12893736,0
TJ48973990,0
AW02689262,0
WF84968169,0
OP50629881,0
PU16469318,0
UF02589182,1
NE49093332,0
YS31127359,0
TL49483897,0
NB84060672,1
PR36238788,0
RC10310283,0
SS35024043,0
QK21836668,0
TZ29849188,1
SL96888489,0
SS34604451,1
XZ19996650,0
NW94318490,1
RP96374931,0
FF80783019,0
IY48608098,0
UH58725204,0
ED22621468,0
VI21304385,0
RS08487700,0
LJ40667685,0
KF76200581,0
BD15238642,0
JE71198507,1
PV47405545,0
UW26223156,0
QI94352949,0
NP05264801,0
BY45284851,0
QB13393976,1
ZS17796016,0
RU82912696,0
JM53817652,0
CA52795439,0
JT73605360,0
WC58548998,0
RM80293802,0
IT36438936,0
GQ18172900,0
NV63846551,1
WU05347895,0
QS29372002,0
LU88504473,0
JJ71655581,0
MN46318924,0
VH91293283,0
FN49530353,1
FN15551802,0
MY32737073,0
RV94521364,0
YA29693340,0
ZB20206184,0
WB97729380,0
GM28247581,1
QO26456686,0
GN51827596,1
AP68109890,0
SJ84579370,0
TO24725869,1
IJ83669974,0
XA98405620,0
JS74576924,0
RN61334797,0
FO33006420,0
TM69943017,0
YZ91202624,0
LT16545403,0
LV25533676,0
SU01019791,0
MO50014528,0
MA32956734,1
SK72039181,0
AK37761539,0
AB01087070,0
SI45182310,0
QK49536981,0
ZY00610674,1
WH41362712,0
DA68329493,1
EI65257867,0
VZ25241224,0
YX55267471,1
NW37775774,0
PD79197410,1
DK65483078,0
GM77751022,1
FS13474466,0
CS64345892,0
HV12591832,0
MB28786865,0
LD35733975,0
JI02498826,0
AX34150312,0
OD32137133,0
AB13271425,0
PG46624692,0
PA31895285,0
JG32872917,1
WT39448570,0
VS11911128,0
RR63525311,0
IE16086355,0
TB44107661,1
VE36133947,0
LA25353306,0
MB85213659,0
VW06096960,0
MU54121659,0
PU69500628,0
GB31493966,0
TK15504644,0
ZC96617847,0
QQ14884244,1
XQ96789856,1
VS20864589,0
AX79573489,1
PP25810780,0
HR58257532,1
FD71415577,1
EY93995971,0
OH85717050,0
MP80580956,1
UT03707684,0
VN54609522,0
WA50850194,1
CY08078151,1
UY83593480,1
IK67841636,1
GS45669237,0
CG59494936,0
BJ04990162,0
IM73362946,0
RU42071892,1
BD58064771,0
SS11443278,0
FF39200284,0
AC74515869,1
YP68256992,0
CT64965309,0
LE46227286,1
ZA81400710,0
HO52266821,0
RX74693383,0
YY85678245,1
NR33354855,1
GU09416110,0
SI56182205,1
XG35197301,0
TO19711763,0
BI34161493,0
XF52959076,0
VH60361520,1
WH65436404,0
FX52595959,0
RD00167179,0
XC21710332,0
LS97406813,0
SK63088291,0
LZ53338193,0
RZ37593192,0
HB03077179,1
TC66799271,0
XX14144492,0
IS21802892,0
LF74561543,1
OK33076861,0
PM64256935,0
AC68811413,1
QU45328469,0
EP41186105,1
QI14187059,0
EX24607443,0
GN42641569,1
EJ08218014,1
ZS93139628,0
GM74303621,0
TG04621405,0
PM21175038,0
OH61781131,0
ON96952074,0
QK78703026,1
YG48370797,0
AQ49053347,0
VF57241470,0
NG21199687,0
HJ15826376,0
QI00061214,1
LH95850193,0
AM04533732,0
ZT99644694,0
NE65283002,0
VH35653451,0
IZ41585641,0
EN23358759,0
OP10698928,0
RC71888295,1
YA09997493,0
YW62223435,1
AJ46853507,0
LH76123602,0
NB99311829,0
RX55599992,0
FI50069627,1
RF34898017,0
SI47703025,0
VU56113797,0
EN07998334,0
QQ82112291,0
AJ55119563,0
PJ05464622,1
FR79779797,1
MA32782918,0
BS53862223,0
TN80642873,0
CJ35202631,1
JS81785304,1
RD72578409,0
SS79118764,0
BC00829010,0
FL75522908,0
GT02951921,0
VU33806457,0
VF34033411,0
DY32219506,0
GC83060738,1
DY86591862,0
XA05273572,0
VM11607498,0
IZ46594193,0
BY35287062,0
TF63014628,0
HJ89436682,1
HY18314090,1
EN68977423,1
MQ68618736,0
AS45546046,0
XZ56754009,0
KU38225592,0
LN03614498,0
LH08729096,1
VN68465994,1
SE59848138,0
ID18295368,0
WT09719667,0
MP91581642,0
GG31526299,0
NU74654549,0
WK21289004,0
AR63692739,0
TC16726910,1
XQ72000405,1
XW45093827,1
TC47997922,0
DS66995824,0
CF60592775,0
UN57227943,0
BO96227509,0
KZ41857500,0
ZK67306969,0
WG89388236,0
FV58899074,0
HU24998487,0
VL02600609,1
IK77171582,0
SK16072365,1
QS35195717,0
XI13127134,0
EB76690676,0
ZJ19313219,0
NQ85961967,0
SD75578248,0
MC56419821,0
CZ27583187,0
XJ44209232,0
OG43217574,0
JO43516472,0
FH92865297,1
GF69807126,0
NF60103495,0
AZ66347324,0
PA00514714,0
SE29496471,1
JO33703941,0
SI94735994,0
OP37535876,1
WN05998261,0
BH04013524,1
QS37400869,1
SD97217905,0
LV69053519,1
XT49444746,1
SJ67044309,1
EF49492442,0
MJ39472106,0
AM41362219,0
UB14163380,0
TV70733812,0
SM39148778,1
AY80445277,0
VG34027936,0
XT44160142,0
OP30699992,0
VD59229979,0
JP05791828,0
LG90217899,1
IU42324436,0
ZJ23099377,1
EO90489231,0
QQ24183648,1
PU02156182,1
ZC19570168,0
XC62172558,0
AO98562796,0
LW59711441,1
UW39624508,0
QE51170903,0
FN42701716,0
OY76775665,0
SR67410905,0
XT90365646,0
HP05169036,0
TF19035060,0
UR09034835,0
BC81506119,0
IR98225008,0
UF03625615,0
GK57006492,0
JZ60113712,0
GX62353894,0
LQ02746187,1
SV35755951,1
YH93774384,0
VA92217917,0
UF18789477,1
MS03331411,0
EP61665062,0
RF79930003,0
OC98792853,1
YQ33400411,0
VO81729976,0
GU00402694,0
RU01452648,1
XS90848525,0
VW05775946,0
XU62336717,1
SN80610126,0
QF98038599,0
KT94322313,0
BK97438162,0
KH24675879,0
DR74745569,0
BF50823816,0
YH36341706,0
XW35252070,0
XC79435072,0
JV74764980,0
II31809681,0
DU60223800,0
SX42753321,1
WH97477718,0
YJ09853982,0
GH89523497,0
PP96576869,0
LH14573286,0
HU98564555,0
QE50686564,1
HV34858355,0
LG33062687,0
UF69432313,0
VE50024180,0
GM35420628,0
QT28393616,0
WU93754702,0
UR96129630,0
RZ95069006,0
BS40840550,0
MH68608423,0
GK41461110,0
NZ53026308,1
UV28756130,1
QV57976430,0
FK98569298,0
QM11711364,0
MM77045335,0
TJ79967923,0
RC13367293,0
ZW82851374,0
RE98350463,0
SV72926729,0
ZP70934869,0
LK72631077,0
SV74080792,0
JG26752360,0
AL01328305,0
RY10521334,0
SO02884448,0
ZU95837837,1
AN64952675,0
OP82471839,0
JG77505526,0
MB69392803,0
HL02292561,0
XL63233400,0
HO95183340,0
TD67025833,1
WS74836634,0
RJ95197044,0
EU27530524,1
NG73235571,0
JC96361271,0
AA75732545,0
HT12726702,1
LJ60701780,0
ZQ17759468,0
PT29029090,0
TW08883004,0
VN08992435,0
AK28233636,0
PF76575912,1
EE00403193,1
OR79543138,0
TG68922977,0
HW49640677,0
TI32429329,0
KK16023665,0
SA35104286,0
WY39034601,0
ER07198854,0
RQ02210658,0
CK25301242,0
TI87302159,0
BO13911096,1
BW14002543,0
UN26731591,0
BC98550740,0
NY27128008,1
DW14936111,0
YA92693495,0
HM21028782,0
FQ13411683,0
SI29120400,1
KN82799837,0
ZA17060157,0
YD00971386,0
DP74087293,0
MH97621148,0
NS74783895,1
TV09587056,0
PU88428192,1
LK13828263,0
VU26712093,0
IM00982637,0
SO35513674,0
US53129627,0
EG11853669,0
PF67297870,0
AY63234824,0
EP11168453,0
IZ77413177,0
ZA19316745,1
YR97899474,0
IN70159782,0
KB82877203,0
DZ55615177,0
YZ07690370,0
JZ79566611,0
IH84457576,0
SC34404948,0
ZO64508059,0
HY41097771,1
DG25110935,0
DZ65272164,0
ZR61780914,1
XN27705626,0
CW63191356,0
GD95149374,0
XJ41202562,0
MO62011366,0
UF91888452,0
OD29459867,0
MW95837690,1
MI91164860,0
FJ64218030,0
LK59604806,0
NV34953832,0
AI46087849,0
ET50282248,0
TV78144747,0
KE48763075,0
JI41851993,0
ID75602264,0
LS04604800,0
ID82613673,0
EJ13582206,1
OR93253022,1
LW39227062,0
YM11717966,1
PC06123139,0
EC20188305,0
MH07320917,0
LV21216134,0
PZ67456655,0
IV10846634,1
MY98119496,0
NK29042031,1
DX41532311,0
MH85350235,0
EU40478420,0
SR07813194,0
FG59929272,0
DM73239860,0
KD59301904,0
UV36273238,0
QW03978871,0
VF89282077,0
SZ15592655,0
IV58020662,0
KM55668780,0
XU41145636,0
NQ46427912,0
HT55727894,0
CC99012693,0
BS86745659,0
IT12957644,0
TX05880762,0
QR21933214,0
XZ45657243,0
RK90494479,0
HH53504038,0
RB38281330,0
UV21355057,0
WM84690654,0
FX82163121,0
QS22763019,0
RG00851009,0
CH17152927,0
UH06592750,0
RV89582128,0
MU38812125,0
XC06520630,0
YB51061775,0
TT42786760,0
UL48672325,1
UB30722614,0
ZF23570876,0
GO61194186,1
OK81281234,0
PG87037440,0
ZF73993916,0
SS11333892,0
IT21103959,0
XZ19615505,1
DP31252843,0
LL72569787,0
NA41667816,0
OV07559227,0
ND62595519,1
YJ35856260,0
UC62365170,0
GX73400894,0
GN61176390,1
IW06178946,1
VG77581379,0
VZ54195582,0
DX23452268,0
XQ12734327,0
CX38308957,1
YY26966942,0
MO82112048,1
BG55534645,0
ZB27057715,0
RR06224318,0
YQ56306479,0
WY70926686,0
ZB82894412,0
CW85097831,0
QE41903303,0
BE77977929,0
QH01102655,0
XM79853026,0
EG63584007,0
WB35209820,0
YW28990138,0
LQ06825774,1
PK81120528,0
JZ70381545,0
IS46251048,1
OY86621512,0
BM42018307,0
LJ85895708,0
GC51386430,0
OC83725439,0
HE39908004,0
BF24544982,0
YZ72413157,1
ZA18556991,1
UQ93172752,0
XK29028801,0
CW48533511,0
ZH20325619,0
WU82928898,0
CL04311524,0
RO52030115,0
GX26008566,0
XZ43392087,0
BM27280058,0
MY69735530,0
JX06166840,0
NV32986007,0
RA50533158,0
TC20232608,0
SC21859323,0
XZ53861458,0
AW12852027,0
TZ18590913,0
AT45132530,0
VL84677586,0
YO24058466,1
UV70944019,0
ZU55389333,0
WQ83777523,1
CL60609436,0
YK47358051,0
CV20449133,1
JC62739750,0
FD12892410,0
GO96322233,0
AG54851070,0
HP84387610,0
UQ02699355,0
YE20708362,0
OW63933937,0
ET22610902,0
CC57698787,0
BO95041661,0
EN79238724,1
JL83796542,0
LK86944249,0
IG27281779,0
HV70848470,0
TA65139018,0
DK08287148,0
IN66638623,0
AJ85474002,0
OR52617828,0
OM64467121,0
HF58325130,0
GF44936132,0
TM05883828,0
OG83107953,0
ZG01521206,0
DP53381539,0
VM77470597,0
PP28831385,0
EH80938434,0
SO97600635,1
DD07954398,0
TT73771771,0
TS70120724,1
AV94771686,0
WW88897646,0
ZF61764754,0
UI70662688,0
XV21088635,0
RQ82813100,0
FF82062257,0
OJ42364660,0
QL29907949,0
MX34191810,0
CI63318573,0
YE22031603,0
SZ55991409,0
AL98082026,0
LQ52234332,0
CK57663101,0
ZK65084301,0
LV73676389,0
MZ90832871,0
ZR20806452,0
DL42384319,0
FF06920202,0
QQ56678577,0
HC06882273,0
CN96879702,0
XS25672752,0
UM23516847,0
HR33045032,1
XS45364299,0
CP18675631,0
OU19120908,1
TH95978065,0
SF37377797,0
BG04318939,0
NN92679721,0
ER07184915,1
HN31818274,0
XB91329120,0
KY09555341,0
NB09720118,0
IG40865052,0
TM12669857,0
UB20055740,0
NZ29004135,0
ZY04542379,0
QT20031583,0
PM76924644,0
BB80435572,0
YJ13815334,0
VY31993888,0
RA30625802,0
VQ84110947,0
YZ86660766,0
DW72292684,0
ZV40827346,1
BM81693958,0
WS37033000,1
PB30169446,0
JR62998530,0
DN13256198,0
CG66803752,0
VN85462243,0
ZI02665984,0
VM77257421,1
KF79812654,0
LN11721436,0
IJ95836530,0
WP01013023,1
VR37692424,0
TK00599397,0
KL55987412,0
HP63482076,0
PA49599534,0
FK89665212,0
MC52702579,0
EK33300924,0
DE80464386,0
DZ94875472,0
DW48577870,0
DR53107248,0
RS84669738,0
BQ17523962,0
WN74774382,1
IX58061459,0
AZ67074521,0
YL13810670,0
RX99580300,0
BU75564121,0
NJ40988978,0
IV35580527,0
DD93988344,0
WB99940431,0
LH11013383,0
HV74348375,0
UO97817492,1
PT27452358,0
KG47369475,0
JY86278226,0
LM50391357,1
DC93174854,0
CG29552454,0
TZ00227788,1
HF44782842,0
RT24534858,0
IX30974871,1
MU79793528,0
HY85116759,0
PX74338545,0
XV21200068,1
RT10407865,0
ON40995354,0
AB94245847,0
KZ59837143,0
NA90340074,0
YA10643634,0
MF72975318,0
HW30930482,0
NR43732740,1
BM33801799,0
BB10357187,0
FV66258490,0
MK13898951,0
SO24359628,1
VI17918480,0
HP14793153,0
IQ72853366,0
UD97120650,0
GW12514227,0
SN11618119,0
MC35873716,0
QT81070929,0
TF40125252,0
TN29789708,0
XM25738046,1
NO86122250,1
AM71167692,0
TV45155725,0
SE61762081,0
PX94103155,1
OX89466630,1
SI73434349,1
DL11915194,0
WZ02507108,1
SB55834103,0
GG25833849,0
OH70345822,1
GD20034922,0
VZ33113382,0
XQ59722168,0
DY78924538,0
QV04893762,0
AU81823606,0
CL67816826,0
MR60821884,0
QB09451785,0
IY80630848,0
BQ45259503,0
QH15967436,0
IA29428359,0
JZ54772429,0
YY80214651,0
HY88133577,1
SI83226533,0
QN46368778,0
SP74386749,0
PA91068208,0
GY46832812,0
JH20340620,1
TV52177057,1
CL64487434,0
HI26611458,1
AI61384502,0
WB56350906,0
IS43635636,1
YW44358442,0
VJ61509476,0
IY43562313,0
LY69906864,0
DV07294990,1
IO57878285,0
GX05788563,1
AD76108189,1
OG40484674,0
IP87752507,0
ON98292902,0
LM89696915,0
EZ70763196,0
FS45807218,0
UI36000780,0
TE88422844,0
DA01439635,0
ZE44225672,0
GM10023774,0
DB36063785,0
VI22485578,0
VF84730604,1
HU01888195,0
DE24847411,1
RO95372534,0
PP13641273,0
PE26859752,0
TR72525327,1
GW02051955,0
RG78481596,1
GC13919539,0
AX32127482,0
DR11409686,0
WS64806121,0
DW53760746,0
XB63772825,0
ER99285915,0
OB76634765,0
FL33439375,0
FL55819750,0
MD49981553,1
UJ04783629,0
QX69425858,0
AO40103580,0
UF84831027,0
ZH54023947,0
GG64308903,0
AJ81281883,0
CQ64760852,0
AB62814014,0
IW51847008,0
RZ21300475,0
ZR52024296,0
WZ82817976,0
EN05161646,0
XC69776040,0
TH64019528,0
OW43987253,0
LC10016003,0
UU76114746,0
NG54764854,0
AG12766235,0
UX95645061,0
XS41737220,0
BU39208090,1
LL59909878,0
UT13392024,0
RX86082374,1
EF03512926,1
WG42572230,0
HD81262823,0
LS88106937,0
XR73502063,0
ES16341597,0
XC31563448,0
GY76669141,0
EE13019824,1
XZ05572065,0
ND54850343,0
DG56994950,1
HJ13784358,0
LE91611060,0
GQ10106547,0
ZJ67612825,1
UY21228895,0
CC86207506,1
TW97426237,1
NG72150453,0
RH54109079,0
RN61931605,0
JM88361392,0
DV82725411,1
QN93326396,1
OS11091685,0
TE95572439,1
JU77040929,0
JN39505913,1
DM04891182,0
JX89851982,0
SW43522001,0
WU95793521,0
AA31709833,1
GC32978826,0
TB58857564,0
HW77089621,0
JP50735242,0
AE84924741,1
QA36944635,0
NQ53740619,0
ZZ54541294,0
ES89208437,0
KD85272135,0
KQ92540556,0
UO16011714,1
MZ47389928,0
XS82655243,0
OS96428839,0
LI16527077,0
FH16174467,0
YU68943697,0
GC06824440,0
KS75056714,0
LI24397904,1
TX37971249,1
AZ14769572,0
YO45941613,1
UV02536919,0
MH38491474,0
KG17840880,0
CD29601174,0
AN47921637,1
QS27401972,0
TD90507010,0
ZJ51905014,0
AJ16840261,0
SO23307322,0
FH85012528,0
AO70054204,0
GA86664204,0
NY94519474,0
HO15413626,0
CA82402063,0
YD35719669,0
FC73612995,0
UL99740811,0
SN79469453,0
MG54563406,0
VL12435790,0
ZM76998567,0
SC16273651,0
DB65688849,0
FO82083158,1
VK30811762,0
HV17327701,0
QU73259703,1
EX21496420,0
GY87712005,1
KU04969039,0
ZY33484688,1
VY27840122,1
VH89062252,0
FQ39415613,0
CT40212388,0
BE15018278,1
TW51967799,1
UT99001351,0
DU95504010,0
QO46677999,0
JY32494691,0
UL59413879,0
WQ58830926,0
YT11802855,0
DC53956626,0
JC37786681,0
LL50246462,0
KP21703862,1
EP14639343,0
RZ96254176,0
TJ72622200,0
YO85100250,0
AX86380816,0
LN06652099,0
PP22267629,1
IX73856401,0
JS28110231,0
NI63060455,0
OV49337605,0
LO27515937,0
YV15323207,0
AY68205408,0
BP05577998,1
MG94011286,0
TQ32845491,0
OY17926053,0
XN49834476,1
LL82958108,0
RS35617899,1
MQ34146867,0
GF44000830,0
TB13639303,1
KM54588018,0
CG34749066,0
BP66501254,0
DK74621893,0
FW55955254,0
QT56960767,0
HO65491692,1
QQ59836737,0
TH05862650,0
ZT36988395,0
AO09244910,1
CS54923841,0
EK03404694,0
QK87667854,0
SP95028935,1
HN93143795,0
KN71351045,0
FQ00346831,0
LZ91180475,0
HW31220492,0
UG59921272,0
AN36337850,0
LC21819597,0
XA64793023,0
ZL46167207,1
RF18849258,1
ST89006539,1
RP71422674,1
UY33824204,0
PB02913990,0
QQ55510530,0
WW25512733,0
LD92765259,0
UX31140490,0
RB03304210,0
HT23759104,0
SV54271625,0
BQ74231443,0
BC07644005,1
ST04109356,0
LI86126177,0
TV02226338,0
ZA54134258,0
MT22420231,0
ZM59518396,1
QL29000112,0
SO27265957,1
IU16427122,0
LF56992318,1
CJ12183877,0
UR59379686,1
IU85004093,0
WW73537541,0
ZV09130800,1
AJ92935465,0
OJ05687873,0
EA47485864,0
DZ13371165,0
VA82534223,0
DA26932205,0
CE92196910,0
PU88758927,0
AP74955525,0
KG06511507,1
NK90608682,0
YU07604492,1
TL98394899,0
YX51475947,0
SB72349798,0
RI13759067,1
XL90908663,0
NL91525754,0
XW98108920,0
FG63234302,0
KF72638557,1
AM02575781,1
OR55214286,0
ZP59380210,0
PP79562600,0
TR24203553,0
CC03966197,0
PD98348069,1
XV45375940,0
TI36521235,0
NN77989999,0
AL51441188,0
QU73962555,0
VY09710782,0
EZ04889194,1
WU75354004,0
VQ47312255,0
NT30573641,1
EW22186180,0
BO12685319,0
XN79791830,1
WT40883710,1
AH40544445,0
XE49656574,0
GR02869569,0
KV07397953,0
RC76862108,0
CC55485266,1
VO84385471,0
MO99959153,1
YJ08924747,0
SO60119539,0
RP10311739,0
QT80678305,0
CJ62044728,0
LF87760346,0
XA21314967,0
XJ22826555,1
VL38411901,0
TN26381180,1
RG10128124,0
NQ32466052,0
VR87656433,1
YV39419619,0
GN97735368,0
KZ27141883,0
MI91470730,0
PK93248969,1
BT69233295,0
KM91826997,1
KJ07577523,0
GQ72101472,0
BP97270757,0
QV73507810,1
WF77826737,0
ZO10577911,0
XK34598271,0
SF32860551,1
LL76534748,1
YN67184171,1
QX21826642,0
PK23604590,0
IX03580395,0
XC31285464,0
XG12460161,0
VH36552820,0
UO80080862,0
NJ00825382,1
UI10310342,0
UL21226298,1
UN40755170,0
QT74121966,1
ZN97717368,1
DS22611507,0
JY68281332,0
VF74449733,0
XI41018667,0
BJ88230611,0
HG14183254,0
AE88458405,1
LW19666851,0
ZW14083725,0
HU99235725,0
SB73952142,0
DR22024022,1
TG18263896,0
ZZ32418938,0
GB49687115,0
ZW61638870,1
US81141291,0
YB43714761,0
AR20061229,0
PB06875723,0
ZI90954552,0
GE61135545,1
VN53896415,0
JF66843907,1
TH05942500,0
EU83358362,1
AM19658719,0
UF80314165,1
VU27077670,0
WB15160190,0
KF63380704,0
OI68608477,0
JQ86804220,0
OS76298942,1
XO65679387,0
AC57552598,0
CP49224262,0
QA90428281,0
ST70943434,0
PC88339557,0
IM75789177,0
RO46848129,0
PW25897076,0
ZO30673398,0
QB20555953,0
YB06331725,0
EZ25768555,0
ZK01226943,0
SQ62360340,0
RX89138745,0
AC52114942,0
EL27729616,1
LL87208324,0
MC88796391,1
IW86490747,0
YB66483626,0
YR85953382,1
NS64879937,0
WG11500425,0
BG77516160,0
MZ68269300,1
TD40753921,0
HG64709100,0
RX43221672,0
VO78652866,0
XC90693146,0
YT84602475,0
CR39575665,1
TU14931825,0
KX84787010,0
DL68819299,1
VZ42188627,0
YM06426209,0
PB00617172,0
AM89558053,1
ZF42366882,0
YP83587923,0
XP63290378,0
DX80353839,0
IW54308657,0
ML09375882,0
EI80689542,1
IT47032459,0
HM00970247,1
UQ71025105,0
XJ20793547,0
QW84033249,0
UR93189305,0
IJ43826291,1
RR82037539,0
WF13170876,1
BA78900643,0
DD58116253,0
CR85165283,0
RZ41341756,0
ZB56186911,1
OQ09819726,1
JE32919207,0
QV04943896,0
VX76175447,0
UA94939427,0
WX21408467,0
ZH90604518,0
XV51557852,0
HG29566091,1
BU04021225,0
HB48253650,0
UD16214156,0
PK59774745,1
ZM91149336,0
LF61881386,0
KU98949136,1
OE69600761,0
SY54362757,1
IP20250164,1
VI24372529,1
JN03856937,0
BG38264298,1
PA61878225,0
LG95740079,1
CF28647786,0
VY15141572,0
NQ52771819,0
TP20929497,0
EL38342119,1
OT61558660,0
DU42552950,0
FT77868861,0
NO93723303,0
RX39913678,0
CB22610057,0
FX73557493,0
YS19046541,0
RM65982753,0
ZU02716073,0
PQ76559382,0
AE82802210,0
BD60389746,0
DX44936070,1
YN15307961,0
NU18347646,1
BM90890930,0
KY83640213,0
FU27480210,0
AC07007631,0
PX05885495,0
EK94026266,0
VS13930597,0
CC70824705,0
QL24408264,0
YE54266446,0
NG64641820,0
WP61443409,0
ZV25027954,0
LH16656320,1
PO51014044,0
NU63797155,0
CW46858428,0
WQ04942936,1
SO29384542,0
SZ03310554,0
FS39833640,0
TQ75233037,0
DU66198679,0
EX58629812,0
UV04072599,0
TE29998668,1
IH81555844,0
CC77673236,0
CC63232826,0
XI06021354,0
MN45652698,0
EK67701770,0
HE52945144,0
OU16206913,0
OR87273003,0
IC46695935,1
MM20550661,0
LO43493791,0
AI38065552,1
TU30444187,0
LD09218603,0
EQ27771248,0
VG92848760,0
MD53327071,0
ME14791257,0
SX45368333,0
KX40237715,0
HI82188563,0
NS49993465,0
OH74506268,0
WH33953378,0
FI49030796,0
JI69053868,0
GW82134079,0
NR24158752,0
JQ06317220,0
LW53426343,0
AX18929271,0
PB75880818,0
UY79634717,0
YL55792583,1
VY57373698,0
OC15750497,0
WM78011502,0
IS12342321,0
JA96071114,0
ID57625409,1
PG23602090,1
AU26172846,0
TX97748652,0
EX73830948,0
JV69269287,0
OD84991045,0
TD53864525,0
LG13895690,0
RN18847336,0
QM85646065,0
TO30966179,0
BO74590867,0
KR94563634,0
AG54032649,0
LK85004929,0
TZ67821853,0
RF61420808,0
ZT69106798,0
PR79604625,0
QN63724800,0
OS76046937,0
KA11780560,0
TE91535606,1
ER11602827,0
NA30958916,0
EM54204094,0
QQ68120127,0
CN58746205,0
ZV32570204,0
ZY02653733,0
MF26887787,0
WI06775496,0
PK68036473,1
UQ98645989,0
LA24707335,0
DJ31958332,0
DX16238070,1
YF81765137,0
AS54197658,1
VF53813397,0
OF56311276,0
XT50777488,0
IH72251729,0
ED05054753,0
QR98857284,0
NA44304790,0
XB04484772,0
FS57349197,1
XI91917746,1
UP87909407,1
VY84312599,0
OP47094605,0
PC49775983,1
PG73863468,0
PL18379882,0
MW17913308,0
TK31694090,0
QI13175092,0
HC66067558,0
IL40795791,0
SL45318305,0
JP09248080,0
RY43556783,0
CO72739757,0
YS75029717,0
GX41730954,0
TP79995458,0
GR98801295,1
JE34762263,0
BH70528524,0
XN04284663,0
XP01875991,0
OM53416285,0
NW71571711,0
AZ36323358,0
FF58333319,0
DV34066163,0
VS53642055,0
ZE53586074,0
RS90989043,1
FH34753833,0
QH33955259,0
AV68589574,0
RW79739931,0
BV80730272,1
JG75149454,0
GY55296585,0
VC14644924,0
AQ05790894,0
OW08647701,0
SN00537427,0
RX37666738,0
TG62934363,0
NR36289108,1
JF65313020,1
CE41178178,0
HP33536568,0
RX97741162,0
AY68786700,1
LG83529880,0
CH49250282,0
UY81318947,0
PF31856583,0
GE18981746,1
UE67179829,0
SY51062236,0
BR39053674,0
SP54589510,0
OS68868267,0
ES85361765,1
FP29811765,0
EI75530742,0
DC30374039,0
ZW23407409,0
CF75338405,0
MM31389384,0
GJ45297245,0
ME02624429,0
IM03534466,1
GJ34627650,0
FF25743934,0
XC03153588,1
YO41307960,0
OI96580315,1
CC88856878,0
MX99673214,1
NU97513117,0
EO95959874,1
YY23637515,1
BT88739234,0
CR95557397,0
AR61092898,1
AN80060940,0
GR24095218,0
DV76001027,1
TO33730708,0
KV46048216,0
BT91741875,0
RQ24105829,1
DJ01241035,0
UK22482786,0
VI36836733,0
OO25769190,0
GH97162189,0
MK61441886,0
GH11157964,0
HT69660113,1
CA34395590,1
HK33791281,1
TP25401950,1
QI98977259,1
LU62932319,1
VE61626041,0
JY49807025,0
PV36045409,1
ZZ85983388,0
JP00983433,1
RN08795353,1
ID39082462,0
ZC54803646,1
CE87947829,0
LA59168417,0
SZ39288651,0
AB20321700,0
FJ20586884,0
NF76200909,0
LC65223991,0
WR19422715,0
WB14986056,1
XP93249613,0
HR29267220,0
IF95214518,0
WV58915048,0
ER62634953,1
FO09324756,0
IY93263120,0
GW20654227,0
YE14896767,0
TJ75476208,1
FM19107890,0
DC92478393,0
YF92565924,0
YE11154456,0
VM97003165,0
LH34682717,1
HB65059424,1
WS19431385,0
SA85373310,0
KO14741028,0
GK17108847,0
ZW95907869,0
NA93342388,1
FQ64723148,0
GJ81718252,0
JH87239441,0
AQ44902766,0
QV54265127,1
YJ95347651,0
NH53321201,1
DM09733572,0
QK07027972,1
PN11079741,0
EZ64675802,0
XG19936631,0
BV81839821,0
EB05443608,0
GC59294389,0
YY71361290,0
TE08394347,0
ZO57313349,0
ZZ67071828,0
KG68380244,0
VP79456610,0
KZ55921891,0
AG13648984,1
ZE65000030,0
JO27460913,0
AW04392874,0
MG22476557,0
CA41825007,0
JP66418872,0
BF54930161,0
OS90539082,0
XD84868806,0
IP96007819,0
IP79926439,1
SV31275405,0
GI32054986,0
QH44303779,0
TP43067146,0
NB53394751,0
OQ09484691,1
RI32767845,0
JJ74295056,1
QV83408377,1
ZN96596496,0
CD34780775,1
AE29739226,0
EW42746082,0
DE70012652,0
JL03292658,0
UU98877605,0
LJ33723533,0
PR10860875,0
DE70212135,0
ND56716475,1
GY34702363,1
MM08074540,0
EL93526756,1
TJ38766491,0
DU06106707,0
KQ39473629,1
KL53365337,0
RL94143486,0
RN94900401,0
HO29285613,0
LP02799340,0
AI97583874,0
MP23971981,0
SP12192825,0
ZE43391803,0
PA81918164,1
WU43638695,0
UO34380816,0
WP59939603,0
QV21928366,0
VJ49035927,0
IG43306542,0
MY17925321,0
FX06934763,0
UY77471777,0
DJ31222421,0
JO34977322,1
PT56097181,1
YH23007864,0
AJ45331308,0
FF77946645,0
IP54360074,0
IU12565396,0
WT75208433,0
BE66591438,0
FH24528571,0
QU42767633,0
OQ24173670,0
HC93733735,0
MB28673949,1
NS16779928,0
WC17263507,0
RA32977922,0
ZR24652554,0
JE48631077,0
TF36589354,0
FJ66354691,1
DB39084494,0
TU77457221,1
II45740311,0
FW57634132,0
PJ46333576,0
HY45535802,0
CN68805622,0
LI28664681,1
VK75161993,0
MA79658940,0
DX29437696,0
LP02239943,0
XU44446186,0
OP52739626,0
BN93141126,0
FD33816129,0
DN57453316,0
AB09319769,0
EJ74355036,1
KY83054444,0
WJ91373982,0
NI20632542,1
XH59899272,0
FW52013169,0
TV03522621,1
TT12928214,0
GE80790527,0
HL49405637,0
BK92259936,0
UY02147651,0
JU65203665,0
UO26763295,0
PB87445352,1
LD65614551,1
TN44087860,1
FE86085261,0
SV22853292,0
YE10871289,0
EN04598332,1
YR02552984,0
NZ59643599,0
GE58019691,0
MJ82258022,1
ZY13662973,0
GC83680803,0
UF52672219,0
OY11794362,0
PP97632023,0
LK93559157,0
PT54690744,0
GA44519054,0
NZ38683210,0
VJ41156070,1
LD39583798,0
YS20505504,0
FS00828468,0
SL52433032,0
TB73637892,1
RX26768294,0
WQ49076093,0
SK36529008,0
VW75889060,0
JU74427040,0
OM21275175,0
SY09123118,0
EQ35227262,1
RP51202694,0
AZ05059656,0
KB79234388,0
NG14560351,0
YE65650633,0
GX55097323,0
QL53395776,0
UZ03353116,1
HD53675518,1
LE35051007,0
IQ41335366,0
JG58721037,0
VP60524151,0
TX37302463,0
DZ11163082,0
IS43863018,0
YS65685518,0
VM81497940,0
NA24647471,0
FR09894400,1
QS82356328,0
NB34251620,0
JL56014458,0
FG34205319,0
SL69304344,0
OA32837399,0
IJ09556818,0
JH78212199,0
LG63453174,0
SZ95370445,0
CJ66120263,0
TH69370313,1
JI69151537,0
HE14179943,0
RW84060716,0
DY82338515,1
YY14289690,0
AR03383171,1
WE46030255,0
IK33682475,0
CT98837898,0
MC00699825,0
NA73927494,1
LM86973713,0
HF56018723,0
IT60817419,0
NS06236385,1
OE29572651,0
YM04086228,0
AR55134469,0
GM38425652,0
HS19583402,0
DF57409074,0
KG31141053,0
GZ76243441,0
EZ58528940,0
VV10424650,0
SK99918446,1
KW41465883,0
QX17732697,0
XN01206683,0
IS79478846,0
VY13063218,1
JT37322848,0
CA81998818,0
QS85279180,0
AN73611544,1
YL54706549,0
FW10120380,0
AN42861638,0
KN04549163,0
NY08623300,0
EJ95629257,0
FA85239994,0
GQ34541926,0
MU86458542,0
CD74575173,0
HQ77814650,0
SC72934039,1
JD24355795,0
UQ96077402,0
JZ20271590,0
OM14308313,1
IY04864944,1
FW29140603,1
AP97099865,1
SS95015458,0
AY22713205,0
DJ36789191,0
DB37649509,0
SI27300133,1
YY94901778,0
PI18103025,1
AM69231794,0
HQ34664458,0
TM83312321,0
PH47584908,0
DR28460287,0
FY24819843,1
NZ86748881,0
SI17112272,1
UC70421753,1
EI54868076,0
EG87911833,0
BA88367413,1
YN39726669,1
RV48714139,0
BJ33321575,0
YR03777537,0
UF88812446,1
KK90860071,0
TL09123531,0
LE15179541,0
VL50689371,0
AG03934470,0
LG88199166,0
HR63995796,1
SO03664430,1
GO54242071,0
IA69090517,0
HX27788631,0
QR61066383,1
LY12551543,0
MD28228967,0
AW70680943,0
FC75206821,0
OO34509052,0
IQ76147924,0
YR48116025,0
QQ63367745,1
FR27576569,0
PT79597527,0
VC86469294,0
AD32506365,0
QZ88043316,0
VP06795495,0
UT74459391,0
OG16620326,1
RL02973134,0
FP63893986,0
RM70758856,0
EH30282679,0
UK41909337,0
RM29628580,1
PT05811652,0
JB19026793,0
GP01994830,1
BT72899612,1
GI24266356,0
ZX42197672,0
LG86203765,0
MH26485875,0
GM14020411,0
TP70175173,0
AX94741505,0
LJ73353987,0
IS50227157,0
IT92017337,0
LW06338378,0
GD22134336,0
BV47638556,0
NO53110351,0
IA44475146,0
ZU03689654,0
YM65760809,0
NB49910560,1
BH06953524,0
YX70566765,0
GM48017769,0
JK32719285,0
XB70057885,0
HG47771148,0
JE56808398,0
IV33225138,0
RQ61383547,0
NV38998085,0
PK72569250,0
KJ43599783,0
WI56015866,1
KX99191519,1
IM35272188,0
FO23487455,0
XD50999472,1
HW54690968,0
XZ99809991,0
QM44136918,0
HL89941171,0
HI56141834,0
ID60831742,0
TD36427104,0
KM44966846,0
GD87795093,1
AH81325042,1
JG11393436,0
RG79324315,0
HQ07670650,0
BD18755072,1
ZT33957397,0
BD17770591,0
ME73737840,0
PF85990689,0
KC52711116,0
HJ60886210,1
MN66675089,0
EB52199518,0
SP90944146,1
FS94083964,0
ZZ28544494,1
OI49734856,0
ZH47688025,0
NL43668203,0
YF66035282,0
PI01429929,1
GC78154604,1
BT36103771,0
ZP23831077,0
JY90876893,0
MG60002353,0
ED14550592,0
RE62515899,0
NL55555770,0
NK97322000,0
LQ19853907,0
BO74894093,0
RY24837428,0
KO58437842,1
SN65183606,0
QR66939244,0
JV58581176,0
YQ97378056,1
LN80773286,0
XN09239400,1
LF77383141,0
KZ86133167,0
EG47042977,1
IR18214350,0
BF47807716,0
DZ07340115,0
JC38105892,0
GD99581647,0
EB79795243,0
NI47992697,1
LQ90513566,0
YO09578864,0
TH97895067,0
VG73861852,0
MC46435952,1
AU09803615,0
CB76593709,0
JB75180441,0
GK80183734,0
IE87672987,0
LN69166050,0
OG00439972,0
XJ24733804,0
KZ59379913,1
BP95529749,1
JN43576171,0
OE89021303,0
RU17862344,0
TA14473076,0
EU00898033,0
KK10323772,1
IN32857636,1
UE69687253,0
XM57626691,0
YQ97065039,0
TH77241609,1
QY27195805,0
ZK64548654,0
NR54846532,0
AU17672793,0
VO02126210,0
HH98228171,0
DN50777334,0
TS94491399,0
NM56683473,0
OC96028789,1
FS47754273,0
NJ04751888,0
OS26290971,0
NK77172016,1
GO25175917,0
CR42381773,0
JC63005967,0
OP58879167,1
YL04059299,0
HF15338558,0
TC27015314,1
HY32708612,0
CI47240170,0
JL64034412,0
LA16655337,0
DH65343055,0
FD92434815,0
WX64482040,1
SF52434459,0
HQ31300520,0
OH59321573,0
BV06963353,1
VR56355892,0
ST41916473,0
PT96338715,0
NY28135437,0
KO84535274,0
PA18701090,0
QJ14577174,0
WT16132345,0
JV49565217,0
JO02537551,0
QF68239118,0
EB49514304,0
BF69432761,0
MQ21115307,1
JZ62928774,0
YQ69863688,0
BX60851283,0
PB94242770,0
PC42779349,0
ZS35052871,0
FW82186813,0
HV20130319,0
JC96625409,0
ZR03792659,1
TK16346811,0
JK21636292,0
MH70738566,0
PB75378675,1
RT58197318,1
LJ86132817,0
MR16687018,1
WL14055998,0
ER39038137,0
HZ73710891,0
BS37359679,0
SR73060278,0
RG27756663,0
VX49465629,0
FK89617799,1
AL28485535,0
QU20342032,0
PM79209093,0
CL21630914,0
DY61375976,0
SN67924724,0
BW21448159,1
GR06624475,0
JR61729906,0
IU24626249,0
MB20397205,1
JG23227522,0
LQ78187395,0
JY87848207,0
QE15510376,0
PA56046930,1
AS53791777,0
DT65902739,0
LA85793247,0
XV75919681,0
YU58956802,0
OM56758334,0
ZS54924184,0
SM08604335,1
MV66471676,0
LF40142679,0
TS36435531,0
YT81802244,0
LX30462969,0
TU89843195,0
DX86543401,0
GM87857974,0
GI39105716,0
PH69734412,0
UC59343191,0
OK13595769,0
IY41328725,0
GS82340724,0
MH53370587,0
LI91750545,0
RP34314521,0
JJ55338859,0
OG65769622,0
HC60170260,1
FV86691378,0
NY79530085,0
XX96645648,0
LU12663043,0
ZK09703640,1
JM35618660,0
KJ07963089,1
WP35461229,0
VS36091244,0
JL76288018,0
HZ79319441,0
AL64835827,0
BW36459259,0
WF09933795,0
SL23468791,0
SU64996932,0
UL83830810,1
FU51144592,0
PD00484279,0
SQ35384635,0
II52572380,1
AF76909259,0
ND64772036,0
GY72493973,1
TF17193065,0
XN71835477,0
KK95284178,0
LN75017422,1
CA04412228,1
ZU72079583,0
AH05442763,0
MC34531673,1
TR49460125,0
NO63604096,0
RK47443158,0
SF61574979,0
SV90956278,0
LO16524618,0
FM40187369,0
CR58095968,0
TM17123758,0
TS81466859,1
WU29961176,0
CC39749870,0
TJ94930310,0
VJ37125532,1
FF45961540,0
GR64815331,0
AN93331280,0
YQ16430000,0
NN06336382,1
GL84947072,1
RA95204795,0
UX97029198,0
PZ98629400,0
TI41986232,0
SX72717131,0
ZS79414802,0
VJ48648907,1
ZV83243395,0
IQ17317266,1
OZ30423757,0
MO21064039,0
OR77018466,0
ZA15649219,0
CD97030142,1
VR47077235,0
BS34321476,0
BC08662623,1
RX72180400,0
HV09777442,0
QL70988591,0
WV26458256,0
KH33334265,0
WV03091565,0
IG25861796,0
OH86225161,0
RP50952723,0
JJ92389609,0
CQ19867323,1
UA10788335,0
JZ10829632,0
JC20164238,0
XG70234584,1
HM00729836,0
EL83507928,0
AJ74838099,0
ZD82030254,0
TU68307773,1
WE21399008,0
CB90222070,1
RY27068710,0
UQ19462618,0
UF67321824,0
XU39858706,1
AF83120130,0
WB72083576,0
WW95807404,1
QS97554856,1
IX41253111,1
QM48393088,0
BB65766346,0
UI28439259,0
JN47078984,0
XF25886680,1
AD33627856,0
YG59562783,0
ZV03952835,1
EB60198477,0
QB70515254,0
KO98824173,0
MN80134731,1
VE54222202,0
ZD94230064,0
DM33794738,0
XU18085517,0
KK71941979,0
CG17625716,0
IY74311507,0
LS66215168,0
ZN30144575,1
QJ46565739,0
AK81133585,1
KV96281845,0
CN18784127,0
NB70300575,0
RL65288655,0
GQ89629200,1
RY56025399,0
LF89311361,0
EA06897044,0
TE45021181,0
HI16201118,1
XH21289389,0
ZL38031902,1
SN76173776,1
GU09259609,1
GV05467986,0
CA07969955,0
KS22250564,1
VQ96873947,0
UZ53783499,0
SP98941543,0
PE11373654,1
CA76276095,1
QA27853221,0
OH99058976,0
ZU81709167,0
XZ89561821,0
PR85848713,0
QF62294882,0
YS51187102,0
RZ03373146,1
CA31004777,0
OU08489998,0
ET89980862,0
AJ79720551,0
ZI65831592,0
MU70499097,0
BK93355973,0
AR71931502,0
JI15245471,0
YC06451715,0
SX74415958,0
EP19263570,0
CP77411499,0
EE03452025,0
TP82698232,0
IX33388581,0
TA81306394,0
UF29292204,0
YV02707114,0
IB04047506,1
WR71964728,0
CO98693433,0
XW11934795,1
CQ08617218,0
HM64045770,0
KH05895479,1
PX84021397,0
TH05406769,0
BX32566060,0
ZW57668194,0
GU99700552,0
GA87081532,0
HQ34511586,0
BO80719124,0
SI11862354,0
YR37592706,0
IN89827290,0
WZ13484778,0
VK81410266,0
GR69723096,0
KV51581074,0
IX37861442,0
RT20001446,0
IW09728171,0
ZZ47827091,1
NX69490238,0
JJ92431553,0
AO91017094,1
JW33540635,0
UP50346175,0
HN83730442,0
SW62933728,0
LY59650101,0
AY45746516,0
NQ13720331,0
TJ86336081,0
HW85238752,0
TH85625742,0
ZR47747280,0
QX16783453,0
XR27467801,0
SE82418984,0
GL78666723,0
GU58129107,1
YN35973829,0
EU77770023,0
FX79621821,0
AQ11477994,0
TZ40391152,1
YD25510542,0
IZ47764091,0
VE83190314,0
QG12020138,0
NS78786429,0
XD25078396,0
EG37542490,0
DB97169480,0
EU47449586,0
OU06600870,0
OM50706058,0
WW51092259,1
UL57978207,1
EZ68068435,0
SK77763527,0
ON73666527,0
EV87861409,0
EU87688312,0
BE78200736,1
HG13254569,0
DF03478172,0
EA29534484,0
WC41289586,0
GF49430602,0
JJ27728987,0
BS37289627,0
DO33095059,0
TR89492642,0
CJ69897197,1
PB43674234,0
ET50041098,0
BQ91678123,0
AH51584883,0
TH14128520,1
NM65062177,0
NB87370779,0
KI92378543,0
DX77566805,0
IX63186370,0
VN67748150,0
FQ71404100,0
AC28713594,0
OY25027890,0
TL13233302,0
NI02688589,0
ME91344723,0
SY09821786,1
KF10944051,0
SN09762219,0
FQ52465880,0
QU69881804,0
CN15503248,1
RT95260106,0
SZ82743438,0
SM29564476,0
LE73172093,0
HG86270818,0
RR35917933,1
UH68334911,0
ZQ45824060,1
GE40097194,0
ZZ09719338,0
ML00795933,0
TN23894899,0
QR89564092,1
GH40434201,0
EI79138618,0
QH46072445,0
UI55790652,0
ZZ67568238,0
ME95017361,1
CR42786086,0
MW86618259,1
AS49405381,1
RX79514077,0
YE81016427,0
BR49865794,0
HI04971501,0
II75294558,1
UT23086863,0
OI83013696,0
JF69404914,0
SU60565259,1
SW93027933,1
VF06788644,0
ID10003894,0
UV14277458,0
ZK75015770,0
IL60382257,0
HZ54310434,1
QL83126303,0
IZ94814490,1
HO28688545,1
VV60568464,0
FJ47277475,0
WL24894023,0
MT48759169,0
RI53191569,0
MY58257388,0
GA55155382,0
FD27824827,0
MY86662479,0
DD41296043,1
LP55196803,0
KT81546996,0
HJ51803012,1
SK31884378,1
FE21865727,1
SN55511640,1
JS70203582,0
JC27412371,1
VT92381850,0
JE68630671,0
UF13909621,0
TX78353512,0
MP87330554,0
SK98797299,0
YG22423692,0
AV33802206,1
JF65100859,0
NM38396394,1
GM28643192,0
TZ97706612,0
EB74895044,0
SQ75327758,0
SZ90984615,1
RH02346105,0
GD62360650,0
UN62417381,0
OV74085721,0
MV28836800,0
XW24102999,0
MP75684437,0
SY87452257,1
PU35298717,0
UR37359569,0
LF94432188,0
VZ33824953,1
QJ98480815,0
TK37669910,0
OU60137154,0
SS96310710,0
LK91775628,0
IE23124976,0
IT08654224,1
VD13433739,0
UL33518642,0
HP75591409,0
SG11061550,1
MC92557690,0
RV72894297,0
IR37474428,0
XK30555449,1
QG15908986,1
EB46489406,0
FW69407502,0
WB17981005,1
PX64478435,0
YH99835120,0
UY33483582,1
XM68457210,0
CT49489615,0
HN97960358,0
EF58336801,0
ZR18512614,1
QI31003263,0
AG04130118,0
IU04636155,0
CO31017107,0
HV71370041,0
UI24608837,1
RM60104158,0
CU99685320,0
EF59145443,0
IT77055157,0
QU94935827,0
OD57365389,0
PN59136869,0
NB46040942,0
PW61850813,1
XV75800931,0
PT82014014,0
PS01200898,1
LI09560388,0
VH77390784,0
NT05179200,1
FW87996573,0
MJ53236201,1
UF50082407,0
OH36184046,0
VA65750690,0
MB23660371,0
KH29485098,0
UX82471608,0
AX61103705,0
WN73388900,0
TP44103115,1
HD02294647,1
LM80632036,0
ZF07455675,1
MH24992520,1
JM69758888,0
OZ60438413,1
VB55137772,0
AL94256312,1
OV11968775,0
KM04114157,0
HE27891111,0
ZP01129609,0
UP27975569,0
MB31118528,0
IH95155068,0
NG53565511,0
OT26577409,0
EI62703385,1
HL56637169,1
AY43079912,0
EI39712005,0
SU12580602,1
EE26201851,0
QU66757407,0
FJ68121293,0
PV11905282,0
CL66742336,1
BZ07492932,0
EY03071015,0
MX15913399,0
HN22713880,0
XK07369291,0
FF06480752,0
HN65367332,0
IM68240451,0
HK65639792,1
GQ70543325,0
PR21564756,0
ID29915666,1
UN12704314,0
FW19698121,0
LO40077983,1
ZC23245675,0
ZV81861689,0
RI95560873,0
VB70553341,0
IZ67598609,0
ZG09871722,0
EW95199807,0
WP46008518,0
PT28865712,1
LK54628368,0
ID17035639,0
JD88840826,0
MX05748867,0
GY59490608,0
YW12659522,0
XG04605098,0
EH87415758,0
EB96231731,1
EI54110387,0
UY95398902,1
PM38628509,0
HN29827489,0
SL15997768,0
MB45371315,1
IW51806700,1
JS43660237,0
RM72665385,0
TA67949417,0
UB61722432,0
XP34228723,0
OM15534733,0
RI06779650,0
KO29438657,0
OR61014114,0
CX46463184,0
FK65330858,0
LS30043784,0
VZ77505856,1
CD29404778,0
YE34534770,0
YF16222241,0
AU50443121,0
WZ37416276,0
HP81957013,0
TT90210119,0
PX96094548,0
NR59038290,1
YZ27615448,0
WG72475392,0
MY10956177,0
JJ61977946,1
BL00554077,1
FC35694996,0
RC02781336,0
BJ84327168,0
KZ97276189,0
ZR04461058,0
HD50536417,0
SC25581236,1
FW24391614,0
AD46161989,0
IJ55957752,0
BI67236413,1
GR84836920,0
ZN43222387,0
JB34469920,0
TY07350612,0
PZ77561529,0
MC43477040,0
EK38528636,0
IE48963619,0
IV79792786,0
DE25914879,0
UH04042565,0
BV86301518,0
UQ27556624,1
UL02408631,0
RJ43273269,1
DI67649188,0
IA93818728,0
TW40670764,0
WC46591943,0
HT93775668,1
QX23493737,1
DI32762786,0
WR81999537,0
OT31377717,0
HS00889290,0
RP54993678,1
RT55303436,0
SF97252384,1
TL77365424,0
KI91606862,1
YY23278997,0
XO25003403,1
HL89074846,0
EE39156582,0
VH07107642,0
OS81781064,0
UV92021765,0
IB27962403,0
QP55190978,0
QO88023343,0
MS70743249,0
CH32590564,0
XN74077065,0
TG64744500,0
OD61123444,0
YC12224442,0
OE42549342,0
XA76885884,0
KS84157686,0
UF09138550,0
XC72382257,0
BI42767548,0
QL12291727,0
BT56889948,0
NQ30419680,0
PH68100353,0
SB59340907,0
AT32776041,0
SZ90697410,0
BD20677929,0
PE11701267,0
DU38491275,1
MM10890571,0
AY59170449,0
KO97478725,0
PZ83985064,1
GB82496013,0
ZZ68070457,0
QO26074212,1
RP54533519,0
OF40439273,1
AZ90234433,1
FW34542515,0
GV30216124,0
JB11139047,1
VU86784724,0
TA94272274,0
EY68714604,0
KB55878100,0
OW21470304,0
TI93881164,1
EZ19398792,0
PJ93113051,0
GX96634463,0
XN00800747,0
KV77464607,0
IP93997851,0
NG30717716,0
QD22259698,0
HE01690597,0
VY74154511,0
JR54640816,0
SY91489525,0
YZ45200743,0
WU63491163,0
UL58212612,1
MR14712902,0
FA95252968,1
DJ58942689,0
BB86574370,0
JB48571040,0
SH38242641,1
NP01278242,0
XD39195537,0
IM08588382,0
RM77776042,0
PV44078717,0
WL12298752,1
KQ54647510,0
RK14352711,1
WA07313704,0
YT77298170,0
AS13535267,0
YD78631369,0
TE91778999,0
HR96145377,0
EY44324508,0
RQ91779486,0
DP14023033,0
TZ67414255,0
KS08872112,0
XC14151307,0
QN60576034,1
NR08434171,0
XY76976135,0
ZN94441303,1
CZ35794796,0
LD48128808,0
YS67381369,0
QK79912826,0
HC01629121,0
EL63187015,0
CN60376166,0
KL86011172,1
WG24976258,0
PY38080909,0
TN49135282,1
HN74548905,0
MB97202453,0
MM46454779,0
LR07983212,1
WW05985274,0
KR36853997,0
XU30498637,0
CE19003108,0
CS00014929,0
YV26509069,0
GZ71433786,0
FS64050200,0
HX78152729,1
NJ96176287,0
GI96166912,0
LU91827146,0
NK93402329,0
LW16109295,0
ZO97954975,0
YR69795940,0
IA77805566,0
OK82209369,1
RP23649497,0
PC40245089,1
KF36369090,1
YP91700135,0
KF21362275,0
VE94255397,0
VR53894915,0
KB17627073,1
WK11197206,0
ZT07387550,1
IY53060448,0
RX28986958,0
OQ80340775,1
GR95484870,0
VH17354723,0
DY44435632,0
SV03622284,0
BY86425635,0
SL78933879,1
FB56515826,0
ND92476168,1
HN74305543,0
KW77004036,1
VL38028126,0
RV86663362,0
VJ70963237,0
VH68271213,0
PV78801438,0
YM72710455,1
PH24245138,0
HC76007261,0
VL51601781,0
UQ27825157,1
TN18392630,0
SA64999556,0
YS23746577,1
HV06896092,0
GI22609983,0
GK52301707,1
FF85407097,1
BQ28715714,0
OT67977469,0
MX46486803,0
LC50381281,0
DB62544360,0
YS20840521,0
YU47159887,0
GU35566520,0
JV81093138,0
CQ73391940,0
VU17671317,0
BJ13859510,0
GO37343338,0
MB08853885,0
EN67065158,1
IN48889070,1
BO33293586,0
PO30844208,0
BU18276108,1
VB31885464,0
PH66451624,0
LP80936845,0
SK89700237,0
OH73737219,0
MQ68941296,0
WN43213924,1
TW35741943,0
TL91798825,1
OB93248584,0
UE86214562,0
ZV76388837,0
BU10480224,0
JY03566059,1
LD62430779,0
DF69116372,0
YR22197249,0
TR07089932,0
KW54893184,1
WL34425432,1
PU28241575,0
KI08002803,0
PX54687445,0
AW87943034,1
LS93991719,0
SU47836234,0
SU19093452,0
GE53107053,1
WW19436163,0
WF46874323,0
ZP23313049,0
JJ92950971,0
ZC47064407,0
AM34868623,1
TO90016261,0
FE60504897,0
JC16854003,0
WD84272548,1
XK02333404,0
FG07532848,0
PQ79495665,0
GN15036918,0
QI91304610,0
YN15124312,0
RA06841089,0
RR72806540,0
UB96492070,0
EI71903779,0
RK99224252,0
WR38408879,0
TG77052388,0
JZ42479176,0
BE46547899,0
SN19650685,0
MS29874623,0
SU45257238,0
JH67746346,1
JI03077782,0
KZ48920413,1
EE65547049,0
OT69510602,1
WH28430751,0
MB00685198,0
KJ60971179,0
NV23039491,0
ED06131634,1
FB35842690,0
AP00605221,0
FD08349595,0
JX77676217,0
JC60616875,0
II80408865,0
QU85146418,0
WZ92235842,1
RE93727726,1
HE73511268,0
EZ75089077,0
PR39006483,0
TF84936109,0
AC47203082,0
KM86015054,1
ZG52528247,0
NG12802728,1
XY45750278,1
KR13018590,0
WQ80015609,0
LG44288810,1
KT38749069,0
VC12574736,0
TG47713614,1
YY50890059,0
ZZ44229421,0
XP45182828,0
JH54618109,1
FJ79805285,0
BB69316013,0
VT23194543,0
GI65337140,1
AY84989185,0
WY99785753,0
TS43079217,0
YG76318092,0
EI98733168,1
CH89950405,0
QV09699368,0
DI34289104,0
LL31411798,0
UB64382540,0
KQ14912587,1
LF69064451,0
HW36376258,0
IF27781780,0
YY60988148,0
XO85113878,0
WZ95464523,0
UM13039631,0
EK99443710,0
HC99308339,0
MU15989309,0
TA46435067,0
QP15017098,0
SW04543006,0
OD27898972,0
NV52668387,0
HT53256212,0
XF62944387,0
UM10685619,0
KN59377836,0
FP73362983,0
WN78733324,0
HT65277904,1
SR70380215,0
GR89187490,0
FC88430116,0
AM76391100,0
ET81492806,1
SP93199698,0
PM08603865,0
XO09449648,0
UP96819445,1
SM14135189,0
QE80839106,1
PU61494280,0
RD84998156,0
OG26512155,0
KK38928764,1
IA38670200,0
NC54224708,0
RO22403505,0
ZJ19825286,0
FY69166369,0
KG94916945,0
ZW24714542,0
WN15753629,0
XH56483532,0
RA18032910,0
GB31993332,0
JU09166246,0
AZ42785295,0
YA92898461,0
UM26534046,1
UR63386201,0
GP27011354,0
JM24159052,0
CS30195108,0
GZ48896665,0
UV96924131,1
BY65356997,0
XO39454124,0
PM28329555,0
JQ10598259,0
RY56497129,0
IE29869028,1
EG98826505,0
HH02087087,1
YE97091706,0
RX75389188,0
XF88692081,0
UL59613997,1
UN61248387,0
IR38656128,0
LM16862893,0
YX28280463,0
UI94682479,0
DJ62846799,0
IE54552486,1
BG65296042,0
RD53678467,0
JJ03960473,0
RT42029941,1
LR53623636,0
SX90562569,1
VK79102847,1
DV79255602,1
GE41409037,1
WA26286645,0
GX39578509,1
GP65005820,0
JE47979134,0
GA69429351,0
OX21705843,0
LU53730711,0
MB17868569,0
PX42740406,0
QM69009222,1
XM31833147,0
CI16133776,0
TV96374364,0
CB23900386,1
NM92694280,1
YZ25502968,0
XV18484990,0
GG42119732,0
KI92147807,0
IL88023232,0
WD24418253,0
HK49380057,0
UO39571872,1
MA91600671,1
YE05438435,0
NO85173658,0
ON89116607,0
MP41455053,0
OV47364303,0
JK19663030,0
TM22884752,0
JA98149221,0
RK92947368,0
PI44440239,0
PC53895828,0
EI88211994,0
JH03414380,0
LZ97250616,0
LK93252205,0
HQ02783182,1
RF42442032,0
PW36369349,0
UE66447496,0
LA13659129,0
UB74937179,0
FT70842162,0
LW33903758,0
CL75043798,0
VX09110868,0
XK61661274,0
IZ91042188,0
KC82640327,1
VX85460468,0
QA12414398,1
GL62219308,0
QD87378731,0
RH62316451,0
FO50935664,0
BN52361880,0
NN34380714,0
HO92818630,0
WU22672410,0
RO99952576,0
ZT14297307,0
YL90905749,0
TY03310904,0
OM01030158,0
TX55013595,0
TV38254891,0
HP34508116,0
OQ60277065,0
QT79298909,0
EV19526404,0
XK43168490,0
XJ28038113,0
XR41973267,0
PH24378812,0
AJ90759911,0
AG57773344,1
UW38289024,0
AC38949082,0
XQ67046211,0
UC75628773,0
FT06241911,0
SL36177695,0
NS33311366,0
WJ78278372,0
GF23600141,0
ZG30680897,0
YO93947149,0
QD01062620,0
QD36908723,1
HL33887376,0
XE12454339,0
KX89246398,0
NG94901969,0
UX02681100,0
FM44897254,0
AB76333405,0
MW07594014,0
IL75629788,0
SK15503009,0
XQ83242239,0
GG84537456,0
UM03484136,0
EA61405788,0
PX65478797,0
NY81544268,0
RV47510045,0
SG44829688,0
EF12127069,1
MA13407393,0
HU14306808,0
UM24110142,0
RU46015775,0
KM74471937,0
DA84132164,0
KK92233484,0
NX87083519,0
WM48335032,0
FE41321607,1
RH41150511,0
IR01057167,0
TE91730207,0
IW70067919,0
BZ21445757,0
BB25897515,0
PD50113204,0
XI18188711,1
QN27247902,0
RG64278760,0
MP44469651,0
SV90544370,0
LK65400619,0
AL69886770,0
LY46067626,0
YE60611662,1
YB49660824,0
WD37791823,1
PF83270864,0
OY32700131,0
VE83797080,0
IY85425462,1
NO64360909,1
GC17922560,1
XU21538213,0
TY68824000,0
JY93392991,0
FY02960456,0
EU41494596,0
TZ57950203,0
ZG12688937,1
UE82833077,0
CK30116031,0
WJ26518006,1
FB69681619,0
ZH42358130,0
PB38449561,0
ET18171900,0
MV88830199,0
XA45513485,0
SN62599108,1
TP09917921,0
VQ65095010,0
BN91946424,0
NN85214772,1
QM43658419,0
VZ35747531,0
XJ72928571,0
PG67269102,0
NT69140695,0
HH84859734,0
KX44857778,0
AS68663940,0
HQ55410620,0
HZ19343908,0
SQ37511131,1
XH74924724,0
HI75173916,0
OO41919582,0
PD00737616,1
NS16891703,0
VA08728136,0
LQ06823529,0
BK28675595,0
RT76458443,0
NZ06034162,0
KW20472248,0
DB39668783,0
ZM10012180,0
FY32998085,0
ZP33644566,0
FV53455494,0
JP53536456,0
XW03234481,0
QG37697951,1
LS38066978,0
CA47514326,0
ZY30622647,0
DC27817412,0
ET89496939,0
TC50533021,1
WV29375221,1
AY19585277,0
BX52409456,0
TB92013388,0
GE08273417,0
HX16289291,0
WZ57507748,0
TS27977527,0
LF47284957,0
PN96196366,0
EM26342142,0
MM35501446,0
PS11656622,0
NB88142076,0
SM04436947,0
BE74732724,0
TA99541242,0
PJ63389971,0
FI76514211,0
XB39738243,0
MG93781471,0
KA17122103,0
KD36041364,1
WR32715482,0
EU49342196,0
LD32838931,0
XN09249682,0
HR79111717,0
KL98418584,1
XA18104863,0
DG93839775,1
BN80976615,0
AD66114754,0
YL24279871,0
ZZ62828982,0
AL78473468,1
DN19947684,0
VL84927311,0
QW02369951,0
TE67392561,0
KQ86676185,0
YX24404307,0
CK36568773,0
CZ36006277,0
WU14585668,0
EM21977009,0
RG52082899,0
VM38153645,0
XZ14442492,0
DH41309463,0
EE39879075,0
NX05178961,0
SH78145077,1
PS21075700,1
OI83688675,1
UF89606492,0
SZ41278283,1
LI45604936,1
XX28722346,0
NB41773447,1
QT83687526,1
MB47840136,0
OJ06701879,0
ZJ68480368,0
ZJ91552835,0
AZ42086522,0
YF64225427,0
LI60807025,0
DP29339584,0
LH49570810,0
LW02718655,1
TH42297571,0
JF59732053,0
WN08886106,1
MX10516712,0
IB06076432,0
LU67396473,0
FF19949222,0
RX17159593,1
TY25355885,1
CT57299993,0
RS67611852,0
OM80794709,0
CG40680426,1
PE85350874,0
UX18268145,0
GE47351681,1
OJ08819451,0
FZ94330968,0
ZM39509182,0
DN72921264,0
NK18854329,0
PD54467467,0
JK13153097,0
LF56382060,0
XR51167748,0
SG28790805,0
UP06382881,0
SP03344195,0
UM71591105,1
PF67164594,1
CQ87834181,0
OM40976303,0
ZA27261904,0
YE06103033,0
PU80124735,0
SL09984602,0
IN00432229,1
HD88754566,0
JH05263707,0
LO80408112,1
BI35479515,0
WT65553516,0
SA14653213,0
IA69855350,0
XT31636395,0
PO30619386,0
RE68933986,0
DW58726639,0
NC12773281,1
RN29680008,0
CH32015721,1
NG01790419,0
XS88131970,0
JZ26141117,1
DI64251595,0
SG94478232,1
YE19695032,0
BW01973916,0
XC77193058,1
FQ10236527,1
MX44343989,0
PM49088532,1
DT77955685,0
BO74122359,0
CC93001243,1
OP85379195,0
ZW89652336,0
CA19960755,1
GG86685085,1
VQ30903580,0
JA59668778,0
IJ13246463,0
HA00077116,0
XG37552591,0
PF18526469,0
RM79837099,0
JS83773594,0
LT76954655,0
DR07574643,0
IQ70791739,1
JZ94920911,0
MG04335051,0
QO90599606,0
GN19166719,1
RT69020314,0
VW33016431,1
TG83634651,0
QU13123972,0
MX08292585,0
CE39665970,0
HI97129583,0
QI99773141,0
LV08721205,0
AE75911296,0
SV81157145,0
EZ67370600,0
IJ33430170,0
RF77132204,0
CZ91862832,0
XL61832783,0
TK07791535,0
SN37730703,0
UK58348299,0
CQ54018563,0
IU29549281,0
XM75829735,0
DD68964747,0
SN53852527,0
CH61845149,0
WN48453992,1
IH66325483,0
FB75813507,0
WR26190239,0
AM92724062,0
HJ17641624,0
UX70499702,0
ZM89893094,0
CB13500955,0
ZR26036190,0
SU99173095,0
ZM77004779,0
PK07105425,0
JR47966245,0
TA87791714,0
KW09758568,0
XD47077001,1
FZ30013051,0
NH75977136,1
HV86839024,0
ZA85643948,0
RJ03515462,0
US58369242,0
TN55686974,0
BH50682318,0
GA63463977,0
MX82484916,0
YM45367812,0
WD74178356,0
NL50266453,0
FX19847334,0
JN94122788,0
PM64894923,0
WH18885174,0
PK88914851,0
ZW38267167,0
CF01853389,1
ZR04166864,0
IY76076707,1
FY10879217,1
KF34304322,0
ZU06859164,0
EW97396037,0
VL10490449,0
XZ00122161,0
GB49761753,0
WD56227193,0
MC01626078,1
IB82279371,0
FT15909482,1
DF83749571,0
RH94273616,0
ZB24205675,0
LL19888808,0
JO09323640,0
KP71714267,0
IW98693752,0
KK55692822,0
UD66042035,0
VA85546604,0
NR78466710,0
NC68428376,0
TO67418448,0
JY06026343,0
FS63694425,0
GT97989354,0
EP99971378,0
LY21969767,0
XB70746002,1
NH45347067,0
RR61609757,0
PW95552554,0
PF70956568,0
XX27513021,1
XO32097198,1
VF82764288,0
AL62413076,0
NQ39214443,0
TN01571104,0
HV93390888,1
VX83341458,1
AC25746258,0
AX39169244,0
FF87145695,0
ZL71505658,0
RI37133832,0
XX59581777,0
MU22958661,0
FV84697274,0
GC63032518,1
SY78822050,0
EA24702655,0
HL23294016,0
DI84529949,0
XI27900913,1
SL24323075,0
CF13942538,0
MP23544257,0
LO54128757,0
TM27399324,0
OH45952080,0
OC79832006,1
SZ16687227,1
HX26316761,0
MH14275488,0
CM79393510,0
IH73224341,0
UM33120668,1
TP61476735,0
CD91455319,0
TJ56153815,0
GV91169763,0
DS23616984,0
FO39158041,0
BD67083310,0
AH40167538,1
IQ28734911,0
PE87585256,0
ZF35115480,0
YY11276146,0
NT65817337,1
RY21078985,0
MT09501773,1
CW95039384,0
SK70182605,0
MY69043583,0
UW58018914,0
XZ70722498,1
IB15281518,0
GK49695427,0
RQ66378074,0
GP38294953,0
ZI40272416,1
EA41947861,0
AH39147459,0
LG73665475,0
CG17993336,0
HX36376946,1
BC28413114,0
AN06976359,1
NS84626854,0
JD71959409,0
MV63162898,1
CA72414422,0
UU63310144,1
YB30904128,0
UM11780091,0
XR38525804,0
KU40634953,1
WL19721035,0
SJ80750755,0
PA09212662,0
JB68759895,0
SA09894477,0
EU33781881,0
ZF07079610,0
YW75937345,0
GH09347388,0
BZ87191746,0
HG56231664,0
AM39377340,0
AG82562442,0
YF09870994,0
DT85779116,1
FW20103499,1
DA90569583,1
CN23389751,0
OZ22392595,0
XH30878225,0
RO78046661,0
UY29199620,1
ZY93487438,0
BJ16111004,0
FB37355048,1
OD61854673,0
NW48885627,0
PO41063814,0
BS06415665,0
RY23949780,0
XW86189233,0
RZ01550830,0
KP49494832,0
OL16577232,0
CY07363178,0
NR32882452,0
RB35670416,0
FT45878719,0
UY27011581,1
YR01686826,1
RX58668637,0
QN57272865,0
JI24267326,0
EP83519468,0
OX62048197,0
HP46473731,0
AN00750860,0
UE75964328,0
CU46977652,0
WS20034558,0
VM69675058,0
MC90356135,0
VK36236516,1
DC86754354,0
ZR63363474,0
UQ89010805,0
SD12829267,0
DD68979944,0
SU69912229,0
NU35545846,0
FH42814984,0
YP68757205,1
LL82161093,0
ZF50057281,1
RZ72730295,0
ZZ89428646,0
HT29123701,0
PR88275993,0
TC42492499,0
GN10149645,0
JK06147827,0
XU01473151,0
TC03798093,1
QT83478599,0
EZ72204868,0
PP58198493,0
SF38349155,0
ZE91811133,0
DR06380442,0
LV79168285,0
RO23176833,0
VM92041771,1
UN44192520,0
EK55933011,0
IQ40263915,1
PE16414869,0
PN20633280,0
EF29198139,0
XU31205100,0
HS41394256,0
NG69162633,1
ZH17365174,0
LV62347041,0
TL73571417,0
ZC00742770,0
NV86547182,0
KD87081522,0
ZC15640214,0
QC47423266,0
PO50625846,0
OE54019515,0
QU57115337,0
LN68682210,0
HK21457727,1
FF06310131,0
FP92158865,0
TN58928137,0
FW76751142,0
LA87326230,0
GW74171661,0
NA75100903,0
PD18431434,1
ZY09477716,0
OW61678665,0
LZ29963362,0
UW35320171,0
FV91661448,0
FV37989353,0
RP67138903,0
LF07274710,0
CN04244570,0
DC38687036,0
KK14752619,1
YW72772428,0
ZC31396004,0
ZO96549068,1
WC08751578,0
JY47686988,1
PX34201340,0
RG22742776,0
NY09520422,0
OT21879897,0
MZ98150523,0
EQ87656282,0
IC65379712,0
SK44002473,0
IV70921092,0
KI91237822,0
JH27364684,1
OH25630662,0
QN68654779,0
BD33852025,1
OB73597444,1
QB87307953,0
ME31873082,0
OB37518873,0
ZO24682787,0
PR89145866,0
YQ44454517,0
XM52756518,0
XA21333853,0
DL91571622,0
VY70653806,0
JO02220084,0
FM73685396,0
JI81187033,0
DE15147207,0
DE99139921,0
TO19934260,1
KV09123889,0
ZD23491172,0
WK89370402,1
RZ98552314,0
MZ50944168,0
UD37373194,0
EH20582349,0
HN08939083,1
RE41960540,0
WS92362900,0
LL54053359,0
UF29687326,0
SX57431602,0
KW29881067,0
CF81322091,0
FY79133011,0
IP61351154,0
UY40289563,0
IK18986116,0
PB46887928,0
RV09588043,0
JZ07808324,0
BC86417193,0
GQ41198685,1
AP48179247,0
TG86507178,0
AV16364008,1
DZ04908556,0
ZH71399687,0
LF16733227,1
CE54000831,0
DP71804650,0
KP56725605,0
RE63052102,0
MF32377282,1
WD64038610,0
EY53153399,0
AU84185220,0
JU76320441,0
GA82082979,0
NH55435072,0
UN95591531,0
UF29613681,0
KJ34832951,0
ZJ25984634,1
DR77083232,0
ID92801119,0
CX26547533,0
YO39892403,1
IH61500468,0
YL51119417,0
QV43685416,1
VR74299563,0
CL16757191,1
ZR66949530,0
MH38078377,0
GG40916429,0
ME05112164,0
HA97602521,1
TR25255962,0
ME49615329,0
OG77844711,1
MI44661104,0
FM94076531,0
HV88078563,0
SN49774894,1
NU84063046,1
ME29476652,0
GO87330195,0
FS20773757,0
NU62861002,1
QF87214385,0
ML25317308,0
EV03429750,1
GE63338134,0
BH19335016,0
NZ43041369,0
ET79209395,0
RR06250765,0
ZU51929244,1
OJ31693614,0
MA31659347,0
HO80351898,1
RA35650061,0
JY82491806,0
KD87278300,0
YV04809666,1
CK35638519,0
JS07438493,0
UE05551836,0
VC08504433,0
VJ04775513,0
UQ07924408,0
NL14919184,0
BI58115994,0
ER98913610,0
HS80804426,0
EM35508031,1
KM23849607,1
SE43121553,0
NL87326665,0
HS77683035,0
GO17761536,1
EG40006351,1
UL60697747,1
PE74831110,1
IQ16680912,0
SU37137342,0
BS97738708,0
ZK49930205,0
PR82796621,0
JG34693375,0
VA16850098,0
AF79477040,0
WQ00297679,0
DC74707080,0
TQ87146316,1
RY39643325,0
WD27097670,0
OV30102250,0
XX35682686,0
FE72372752,0
FJ87930732,0
OX46419661,0
AI53172216,0
YD12160332,0
YX95972294,0
JD00477037,1
TS41628115,0
MD44670004,0
FW73783249,0
TB29347453,0
XA89376215,0
BB83126280,0
PQ14137439,1
KT59429198,0
YT38159634,0
QA35061403,0
UK51453038,0
HR74007554,0
NS53162543,0
XG35362395,0
HR16129255,0
FA49667342,0
OA69524640,0
GK06472360,0
LX28531988,0
SP00415304,1
ES42637941,0
IJ83685405,0
ZI61988626,0
BX21223870,0
SJ21794536,1
DQ34953754,0
EU49439043,1
IU59714884,0
GU43035109,0
PG28066765,1
KM54043924,0
EB65911851,0
LJ69122230,0
LX86306952,0
CO09573852,0
AA36470053,0
SO17922433,0
FL98499873,0
KI12877266,0
NP16618861,0
HR76521486,0
BZ54813287,1
TF60160844,0
SB45831071,0
IL64263078,0
ZW31128036,0
ZK61711557,0
VQ57913580,0
DU03936656,0
KQ57656684,0
LB67937632,1
BZ93541768,0
HP05086010,0
OD08609768,0
AZ86332249,0
KV15500678,0
PW20702380,0
JK88865543,0
IW55090560,1
KE16959591,0
CM06131038,0
KM11897247,0
SD89577693,1
GT68513408,0
QD62444741,0
ZB67382652,0
BW33731783,0
CA43827576,0
QV59193882,0
RI07093940,1
AY96104418,0
TY99287317,0
CB64461250,0
KN30494726,0
BT32052039,0
TS39101887,0
SV78687698,1
CS64789579,0
CF26775498,0
WF55158321,1
OA90978934,0
FQ02401556,0
PG03334151,0
DG27210053,0
GY05628835,0
VV84487703,0
BM99505829,0
FT50279597,1
KV94766798,0
KF69789373,1
XN69987334,0
LG08734291,0
GM48547309,0
HF80752232,1
CN56220706,1
WG29569067,0
VQ68962712,0
ML09156966,0
GB12878779,0
NO35898130,0
GP92276865,0
WD64129443,0
YP95818094,0
MG86603316,0
QY35437418,0
RV66380382,0
EC95398941,0
BJ58176328,0
FN26202561,0
SR34095083,1
OE66364789,1
MC07633984,0
FR83096980,0
YM00358340,1
WR17790035,0
SO28687638,0
RC00277499,0
QY34906212,0
DL25249891,0
GZ63555462,0
SX05347887,0
WG11011859,0
QJ38684649,0
QI03863475,0
FT47626730,0
EX71399528,1
UL12119146,0
PB57701481,0
LZ93708048,0
PU13386439,0
BP16856385,0
RN37250817,0
WR22777326,0
TB62232318,0
QL17033663,1
PQ72530162,0
AC33547901,0
FS19671145,0
LE53180163,0
GN59003696,1
CP25395080,0
XW03714649,1
RC41987203,0
LO81358199,0
QT37505785,0
TF00693982,1
HC27463979,0
JT88451228,0
HH56027722,0
EX68223619,0
UJ08218985,0
NY56318565,0
CS99092098,0
QN65718560,0
NL02926788,0
SW04463101,1
AJ54455272,1
ML01547489,0
KJ17114956,0
ZQ71508964,0
LG95339916,0
ML07014797,0
ZZ37930973,1
FX74390949,1
SG88349290,0
PQ72213842,0
JF86302838,1
CE25065577,0
GG77554365,0
BV65804275,0
MS55177662,0
TU38464088,1
RS22436521,0
UP56088740,0
XI32364082,0
EV50618426,0
ZI09959046,0
MN44394774,0
RQ74722197,0
QX45460885,0
FS80793027,0
EF09492894,0
KO98102091,1
LG40783025,1
QV15753771,0
IB56210780,1
AR22205613,0
YQ55874175,0
SA78785741,0
GO41689389,0
DF69974638,0
YL08847923,0
SV13146397,0
OI63216713,0
RX39028080,0
DB87304104,0
GR38917858,0
BR47156503,0
LK10075626,0
IE59253961,0
RO59620222,0
ET90003023,0
JW74899203,0
DU54098668,0
UM91969713,0
YV51828415,0
CF88866609,0
JE35347152,1
OS77286318,0
XW79837956,0
XM59360097,0
LM43733633,0
WO78052113,0
FU28492583,0
DG84953682,0
KN77889664,0
VC58045132,0
TY08805391,1
FX91733838,1
MJ46062921,0
AH55137297,0
HE58453502,0
MT52790965,0
RB73093076,0
EU75618722,0
AL31484776,1
JR03828112,0
ZO54783636,1
KK19519050,0
XW45071630,0
QN77912591,0
TH01096305,1
DE60910426,0
BT43997092,0
XQ52102419,0
PO97576517,0
GE56328764,0
OZ20160935,0
QC08499234,0
GO93276518,0
QL26714797,0
SD88388449,0
DX88061085,0
HJ55383135,0
DI99369343,0
ZS42877226,0
QZ73303621,0
FN47680761,0
LG71298807,0
NC05727984,0
CG58866224,0
QP73349051,0
PP96360941,0
UU29066586,0
HO43185430,0
ZJ96089775,0
IN52026082,0
YL19285822,0
IA15802121,0
DN59868979,1
LW26164778,0
DS06061192,0
AX83807084,0
IT59292901,0
CV83050601,0
YQ43626755,0
QW67297148,0
TN77941008,0
GX47639461,0
SH26956485,0
NV78547127,1
EC05255242,0
ED54617829,0
RG80611347,1
RK64034081,0
VB59458744,0
HP04894462,1
LQ08867183,0
UG67205464,1
GD47475567,0
OH64736263,0
MS96666893,0
DW27062339,0
TM39550803,0
QX77140013,0
VA29991167,0
QM92630316,0
AU11617252,0
MY13543319,0
WX70435218,0
OI65912247,1
AR97643576,0
NA14285942,0
DQ41917603,0
QJ72351901,0
TA90493916,0
AA49574595,1
NN33198844,0
SW01337171,0
OO81358998,0
TJ82835583,0
JS36953425,0
KY53112988,1
CZ41915821,0
RG24006564,0
LF08121715,0
TC23997141,0
MZ20182283,0
MV98551940,0
YN72813640,0
VQ62537382,0
ZK95894881,0
EU92523383,0
PQ22391338,0
IS08173748,0
QQ22156534,1
JG36176793,0
TK53933133,0
YB16444842,1
MX25617499,0
OY50112229,0
AA83200912,0
VX87984600,0
LR74471348,0
DT05133861,0
OH22048434,0
MT96579317,1
SM26865247,0
KT96794115,0
UJ92872413,0
JH34660887,1
DC19092594,0
GT03108246,0
RN35908263,0
AF79226323,0
ZI31601108,0
SO40968322,0
PW52173188,0
WY47500985,0
FO31599014,0
PN54810122,0
II64500972,0
ZU05546806,0
IN06635882,0
ZF18868984,1
PO41964673,0
ZK57438288,0
MW01632958,0
BB47426193,0
DB34153042,0
OY53594440,0
SR32098506,0
IY78774550,0
PH46459507,1
CQ69932681,0
DV09069324,0
KX51214124,0
QO39991452,0
OG49827837,0
CU47000130,0
TA55845642,1
US24371245,0
DF61628532,0
VM04908623,0
OL11202884,0
BZ73784938,0
UJ88584043,0
RC91212102,1
TE78422539,0
PN97297250,0
QX80137521,0
OF55437850,0
UR99026164,1
WV21644670,1
MU91557326,0
EH21024230,0
DN39749070,0
PT04395955,0
EA32191181,0
EL17274488,0
FP40835415,0
DQ64758442,0
YL65916121,0
IW84195850,0
DK14893713,0
TH26538178,0
WO43705273,0
OW67225396,0
PH98043091,1
BT78253398,0
ZG50177730,0
DG85083261,1
RN35963091,0
CD88867569,0
OO33326602,0
TZ22139136,0
SX83965465,0
QP83244397,0
XM86508173,0
KQ10044985,1
QN88255352,1
NN40232541,1
KN08487493,0
KR01566500,1
VM84932451,0
WM32407085,1
OA96448116,0
KJ95054843,1
SJ15628693,0
EP84854208,1
TI85250419,0
RM81125607,0
KK22131805,0
KK51380133,1
QE66386567,0
FI43960466,0
IE64684526,0
BQ21593723,0
WA16777646,1
QI09218615,0
WP91439603,0
UZ69733093,0
CQ03532055,0
PQ28493369,0
HC41940225,0
EI09251241,0
DT75102386,0
OX30849605,0
WH95258422,0
AK31475614,0
OY40071646,1
CQ20005908,0
HT52485738,1
CN32203942,1
SP45801480,0
ET00974462,0
FD18961996,0
RO83483252,0
QQ70072683,0
QH35300928,0
XV15895678,0
AJ94964484,0
GY24992063,0
ED57609521,1
XA25994532,1
BX71919649,0
CD42498925,0
VN01770566,0
AL88125361,1
ME33005892,0
XY02193221,1
CF05757944,0
NB12184249,1
CQ46412929,0
NT66155734,0
UA04683528,0
JD24623627,0
WT93684887,0
GG31922030,0
TM37019173,0
EO85257385,1
YX97016730,1
LY86387417,0
VB60784368,0
GP26120088,0
WQ35384606,0
VZ90539891,0
VK88817570,0
LC77539703,0
IV75875444,0
UZ80336095,0
UL51346682,0
MI38007500,0
BB66907228,0
KU88256778,0
UX67152740,0
CO74471701,1
UI73662303,0
GX76752478,0
VV77754456,0
BM72508764,0
XD35191896,1
KZ13934986,0
IP56907978,0
YP36279414,0
RF41843697,0
DG02553420,0
EZ98123228,0
OW28392786,1
CG34225957,0
YS66773975,1
MK84688436,0
RX85465412,1
NF82797711,0
JX27611430,0
VC24187785,0
DH28471868,1
SZ47712469,0
JD65830643,0
LS71478694,0
RM51681663,0
VR71361900,0
TV03003700,0
KQ41286422,0
TT68837611,0
XD49831231,0
UT14038873,1
VJ59503130,1
ZO31618927,0
SC59113934,0
RY31068734,1
HR80540641,0
AY98350875,1
HZ92356573,0
XH88892454,1
CK42974404,0
TW38541024,0
LT94670230,0
AX46767914,0
KC33196269,0
KO50239218,0
VT17245645,0
WU72576430,0
ZQ41767080,1
EL13656669,0
OW11613481,0
NJ09965440,0
NA04890385,0
VI38841561,0
WR51829177,0
ES50857902,0
LA96920096,0
MB40139080,0
NW94419380,0
DJ43710723,0
YR76110108,1
LM16270693,0
HN88577680,0
MJ82969417,0
AS15534657,0
VM89246033,0
LC98081032,0
QP77703464,0
DB25047525,0
CB26660082,1
TU34445055,0
OI91857281,0
NA95269226,1
VI31895705,0
KX06048685,0
FX59604740,0
BU42627122,0
HO95060075,1
IW64019418,0
SL40597740,0
BA14952763,0
DJ12134870,1
MX37071893,0
TV12456751,0
VH45478845,1
GP70979406,0
OR96347768,1
NI50577916,0
LO44186428,0
LP75031306,0
TP06334417,0
FP46143535,0
ST53858445,0
PA49072638,0
OM57617846,0
IQ26033120,0
LK99268204,0
HF61810485,0
HC98096216,0
CS37236483,0
HY47494472,1
TI84048839,0
IF59363856,0
OB65403600,0
LW28911787,0
VZ64168587,0
TB00460782,0
NF86151272,0
KV83087209,0
EI43196524,0
RY42957813,0
EH94413422,0
JY43776813,0
CL17519475,0
QO71968038,0
FY15618996,0
KJ69878482,1
JS32607254,0
WL98362971,1
MJ21140669,0
IU78944086,0
ES40888122,0
AF39202358,1
IY28276914,0
UA75171871,1
AX20735337,0
BO34371364,0
LT53471670,0
PY36437602,1
CJ09024863,0
GY91811256,0
KV62641128,0
EG34612022,0
OP30577999,0
HL99923489,0
MO78298459,0
VM98945794,0
UR03134194,1
BM72076363,0
TP00698583,0
JF57727721,0
JC42843448,0
EI15864961,0
JM08284907,0
ZH05130253,0
OC84545270,1
BD61958377,0
RJ44727994,0
US16312210,0
HN15799501,0
TB32884747,0
QO18972468,0
EH38220915,0
LQ24386009,1
LV43722201,0
DD64895486,0
XB46665943,0
ZH72616351,0
NU65392335,0
TB97172855,0
CQ70132490,0
QH76261273,0
KF94167166,0
MF85929663,0
BN89305823,1
EC59097025,0
GU64811285,0
LJ98847877,0
XN81302143,0
ZQ20832596,1
PG50596940,1
ZY74399003,1
FZ28429986,1
LJ01519240,0
FX79405670,0
BD26680675,0
ZG40258363,0
CB08889866,0
MZ85486274,0
VO77283342,0
IE03681660,0
QD25562693,0
GK79287368,0
SZ44255768,0
ZM44150040,0
HA90693753,0
FW41683259,0
FL35160424,0
YF66492290,0
XH56201010,0
EY05341250,0
DO96393866,1
BP88358841,0
PR82208034,0
IY96789386,0
YE15206826,0
HD87375976,0
BP14153775,1
XH95137639,0
ZB18719285,0
EX40569910,0
YS86992730,0
VE89919112,0
JN86822630,1
UN31939818,0
VD01945248,0
VS81565511,0
MV12538419,0
ZV00798699,0
EX92880793,0
FC08452274,0
KG96419657,0
HG67963393,0
WD65796586,0
EV79557836,0
IC63102238,1
TZ09678363,0
LC38391643,0
YY74236459,1
YI76308076,0
GM90403867,0
TD32824628,0
XP44823802,0
HI06361967,0
BI24838248,0
FT49264374,0
VM41339129,0
HM98279055,1
SV87476971,0
FD37637112,0
JL98605844,0
PP46558705,0
OR37019104,0
UI70088288,1
IX47004461,0
SY93615959,0
RD09340646,0
BY15856862,0
PK22867602,0
IX42223934,0
LF02067810,0
BW92291440,0
EK06004345,0
VW77831749,0
RH43442619,0
GH03515807,1
VR35764471,1
ZZ88744773,0
MO67597578,0
QJ37262606,0
ZG47252211,0
DZ38715244,1
DW44400452,1
RS90020820,0
XR50414161,0
FH30878559,0
ZB97042499,0
IA12761246,0
NR49023449,0
BM68100377,0
MZ80312839,1
MO75399186,1
PX42202711,0
JH66333196,1
BW94100850,0
NI40008397,0
PG99138766,0
WK30171566,0
LB66643156,0
TG42926280,0
MN30661855,0
IE25279514,0
BH61644905,0
XW17917882,0
CE47307562,0
DA61233895,0
AY85033835,0
MR29255436,1
FY97083112,0
IU39237021,0
NT22738834,0
EU74196495,0
SY50413554,0
SD43701449,1
VC41120363,1
DR05296206,1
YW15992290,0
ME60624387,0
MS05824409,0
RX81198409,0
YU19201045,1
AP87219114,1
ZE01883428,0
FQ21759568,0
OT54240634,0
PX19648471,0
VW43124219,0
MQ30840743,0
ZT18621426,0
DZ58009864,0
PR42341644,0
GS09820568,0
RF98795448,0
AE29543059,0
UM91294231,0
FB05952002,0
IU34470064,0
SR68854993,0
FA54145569,1
NE72217129,0
BX75550439,1
KJ80427246,0
PR00264884,0
WL66213641,1
VC38375478,0
VM90638167,1
MH35512584,0
YT55196651,0
DL14687152,0
KD60942094,0
CF42954838,0
PP33833091,0
HE59480105,1
PX98481477,0
JB83748857,1
EN92804906,0
PK54059782,0
DD16688253,0
RY36993758,0
FK91928911,0
WF80568001,0
IV45316441,0
HZ81275981,0
RR12377514,1
XD49916571,0
GD97536534,0
TI95267636,0
QK84702496,0
FY45630687,0
QC60113223,0
RU39065794,0
HA54074977,0
GP73735481,0
PZ43880160,0
KZ20774419,1
BM02835521,0
QJ25912574,0
IJ63832219,0
RU98253535,0
QY72550567,1
QY47820696,0
BL20377050,0
HU53467389,0
CI85774604,0
VT66741966,0
MM86110762,1
CE13545388,0
JV32182323,1
WY49876794,1
DA27213477,1
ZV88818447,0
SO01685287,0
NS74291950,0
JQ69280187,0
UL28485464,0
IN04740212,0
ST92988575,1
ZZ64233759,0
XI92984269,1
DS39681837,0
HZ53406697,1
KR28403673,1
TZ40445065,0
RA26841014,0
EA38130240,0
MB56608856,0
EU38299188,0
QV41821202,0
FS43860131,0
VD65449417,0
EQ29573865,0
PJ68495214,1
NY76007714,0
YL42265830,0
YH24473265,0
ZN94716732,0
BU15364938,0
YH78153113,1
MQ37914231,1
OF98854723,1
JN82114486,0
MZ67551337,0
HX09215846,0
ZF80723353,0
CZ09204952,1
RG90570536,0
JP12823036,0
NJ02358660,1
DT30427546,1
BO36346015,0
GB19466115,0
FS96329661,0
AA50468103,1
CK62627706,0
YM49359819,0
NK11641222,0
TL00694241,0
JQ77574655,1
XS74490106,1
IX23792283,0
DX36668197,0
MJ24266294,1
TA91341369,0
JG73274650,0
RX11286805,0
ON07160976,0
NG22098771,1
JK94234985,0
OU29064809,0
ME21519882,0
SA59415758,0
YX92885459,0
JW07560129,0
WA56189761,0
OS41850090,0
DA12053110,0
JT91343070,1
AZ48368513,0
AQ18870117,0
ZX76108417,0
WA93849133,0
LH89772267,1
ZG07722183,0
RM89816047,0
ZO50628413,0
SR29835842,0
OI94602148,0
FJ31621876,1
LP14475593,1
CM87366311,0
EQ47928163,0
IH59089457,1
BJ52396723,0
RF58492376,0
AH56663234,0
UT56075920,0
GO03114742,0
TE29037308,0
QP71310870,0
ZR13435880,0
ML51460393,1
CB80453518,0
LS93006981,0
TQ62964378,0
AO33383554,0
RE66160071,0
IP72837601,0
YI86984114,0
ND20511974,0
UG76334970,0
BI51704082,0
GS65832817,0
NY56955216,0
WE18991156,1
OD50390692,0
BA38519872,0
LL03762853,0
YS76928983,0
SW59083730,0
XC09434208,0
OK18283288,0
GY28504316,0
JG05795532,0
CC08322059,0
CP06618502,0
NL91159136,1
EA87841001,0
XJ81327983,0
WE71299607,1
QA59315857,0
CZ40558813,0
KG39045593,0
GF76454098,0
VO47380035,0
RL87348860,0
CT68299404,0
UF40336953,1
VH90444543,1
GN48901824,0
RO91948097,0
QS14828824,1
DI95024120,0
JN21806012,0
PH59744638,0
EK60578026,1
CV88095094,1
MZ05425470,0
VM38914161,0
DV55606283,0
TG69147342,0
BM39319341,0
PL06661776,0
KR74511055,0
PY81675148,0
JY29852465,0
EP03352727,0
PI42171565,0
UN66684133,1
EK49332342,0
YI27793005,0
GK70793609,1
KG39500235,0
AO67733125,0
CD41482777,1
KJ72560852,1
LD95776641,0
OL88556211,0
IY68676919,0
AD75022715,0
ZT09636351,0
TN23807710,0
EX00570874,0
QK50498449,1
XS29059769,1
RO24641770,0
YI05752015,0
DE66907500,0
NC36545753,0
DJ58658191,0
QS93049350,0
OJ16916586,0
SJ98156402,1
GH88097038,0
UX58068163,0
JD35153707,0
AA41914951,1
ZD69411413,0
HJ58430609,0
GX37733856,0
CT87342498,0
CQ16693237,1
OT43919841,1
PR78910942,0
PR20803161,0
KN04367414,0
QN56459929,0
MP43041415,0
ZW96740546,1
AN71264209,0
RA21223128,0
RL74622924,0
BR06938298,1
TH88552123,0
EQ16121502,0
XR85520407,0
PS78127013,1
YA28449122,0
SE45995075,0
DL76537326,0
ZI91578317,0
BP83047979,1
SF11441723,0
XF14862058,0
QB71126443,0
KH66217020,0
DD16631838,1
KK22299883,0
PT61452891,0
DR53612426,1
VS18030614,1
VJ80577142,0
EW70393977,0
UN73447111,1
XK44095894,0
KI35796272,0
UD09890842,0
RR67374758,0
DL74799485,0
XG84759377,0
UC90304099,0
XF67687978,0
SQ19681958,0
ST63356915,1
YT70186557,0
ZP28364302,0
LH61347581,1
AR70659461,1
VJ68442933,1
LB65718721,0
HO68217419,0
UR28777478,0
ON79918199,1
OX88949988,0
HU89901281,0
CT86871102,0
XH76974281,0
IT02367988,1
PR20710935,0
TJ60565382,0
TZ32469053,1
TE58142484,0
WI10615326,0
GX37407612,0
JF59597366,0
DK16184512,0
JE74005047,0
DQ30078586,0
JO65061142,0
ON70396878,0
DJ81976567,0
OJ63810690,1
GP98352432,0
IN29909444,1
GJ23002103,0
PP58556511,0
HG14597436,0
XV85778887,0
ME84056850,0
KB82292814,0
LL84315522,0
LW05258186,1
MY69493919,1
SW36634711,0
OM22325798,0
MK80561021,1
JI10442167,0
EZ62578373,0
QU65827816,0
DD97550810,0
IZ15416610,0
ZN21961157,0
TV15993089,0
OU96757336,0
LJ54289137,0
SW96166206,0
FQ05151803,0
RR98440379,1
RA87929261,0
AW28664687,0
RX00788978,0
QX93282174,1
TG00954860,0
DM49731057,0
ZG58952286,0
TF42498983,0
DR07446955,0
CR54623430,0
TG91630386,1
NH58015977,0
ZH63738765,1
XT75852818,0
BH99778435,0
AL49444863,0
WN40819539,1
EL67019442,0
EG19748630,0
IZ43956079,0
GF51311161,0
WR57177837,0
OB25746314,0
NC08827032,0
YZ43423195,0
YR89066037,0
CT57911110,1
WH54194906,0
AM85754271,0
OW98890218,0
XZ71817739,1
YW70067061,0
FK44469871,0
SU23959824,0
LW74358707,1
JG74943426,0
DC40016779,1
YR54625744,1
RZ20115814,0
JA68436268,0
WJ99898181,0
HQ55785074,1
GB47686067,0
DH10792182,0
TF47876215,0
TT73510185,1
PU82935920,0
HH04836816,0
EX43737266,0
BZ86997189,0
HL64527874,0
YQ23323748,0
FY93231394,0
JK62889390,0
DJ36936818,0
SB99196967,0
ES13072129,0
UJ15245238,0
DH65051796,0
YB13689043,0
LR79304235,1
RF10095153,1
SC45519868,0
MK57293149,1
VI42963073,0
RL49793737,1
WB81703227,0
KC12700765,0
VV06844076,0
IW85459529,0
WA91086567,1
KU05325155,0
GI34116792,1
RZ28873586,0
WR03399253,0
OS93240473,1
SQ75988338,0
VO57470639,0
BW85894138,0
MH44837548,1
DF19171684,0
RX50147181,0
IF31169865,0
DM29460360,0
IQ65096130,0
RE57710364,0
SA98117307,0
RL39230938,0
HB73769473,0
IC27791454,0
TE86865632,0
UD91414841,0
VV82358346,0
FM35562895,0
AD01274946,0
QM28584962,0
JD37500271,0
NY48383643,0
NW70292392,0
FG87113444,1
YJ03738011,0
RR57979289,1
SY47250462,0
ZE23999550,1
WF18802621,0
YI74591390,0
OO76045724,1
ZV51103747,1
NB21083400,0
HB75708705,0
ZU11983058,0
YV58079524,0
UP75440364,1
AN56570754,0
ZC84837960,0
JV88611386,0
IN64887172,0
VE52747918,0
GJ21666498,0
CZ48128675,0
LB13704430,1
VY65503499,0
CO51771078,1
ST46697803,0
PA87329526,1
YM58071899,0
AI46578949,0
DE07328409,0
VJ40361987,0
QZ19376554,0
NO01851302,0
CU12833449,1
PE91449277,0
LH68211793,0
AU83900768,0
TM78974622,1
IS81561049,0
FG16566722,0
RP19321793,0
DQ12476378,0
HV14439055,0
UG33942911,0
AG53927859,1
NP29000921,0
HE61612088,0
NJ34019473,0
AT45945671,0
WQ83930208,1
BD87729253,0
SD66269527,0
YU30751567,0
HJ19756270,0
NU12097997,0
BX36355374,0
WN52413632,1
NH54193813,0
OL05969474,0
BD80273837,0
FG70720766,1
HQ98848019,0
JQ56085635,1
CQ57216442,0
HL31986415,1
MV38126738,1
EW60010219,0
EC48051238,0
JN73754164,0
EE74570614,0
QL45248739,0
KQ13092671,0
IX97780358,0
VU49271939,1
CS06694832,1
SL55867745,0
WG24520835,0
CS81390960,0
UE29625223,0
ES59592074,1
NJ92107255,0
AL97289950,0
OF69535796,0
NV19441851,0
DW21936598,0
CZ23848946,0
PN81703559,0
XU86187098,0
KG17892834,0
XI54328911,0
LQ32364316,0
AG29734003,0
HK69057362,0
SW44846026,0
IP87094757,0
VM31117936,0
HQ07580240,0
FM24945494,0
WU63187692,0
NQ14561720,0
BY40873246,0
FI91428344,0
NV54783743,0
WW83360362,0
EF22749451,0
ZP31923964,0
QG07047278,0
GH31269795,0
BO78270814,0
QJ62419507,0
IM86712063,1
FY43821789,0
LX32561710,0
TW56988394,0
KI49845138,0
IJ40937277,0
QC54222996,1
AD41323479,1
FS08631661,0
GE89130438,1
GF86388564,0
SX63112885,0
BP82688291,0
UQ21425517,0
TM66199960,1
YJ69943981,0
VU17028547,0
SE33619247,0
UD24101234,1
GO30286418,0
QH13508568,0
NC39016684,0
PN27447744,0
OL25365016,1
SY14470210,0
QR10487564,0
UW57135392,0
AZ18978970,1
JD24021732,1
IM52650480,0
VF74205822,0
DI57596193,0
HP13317633,0
MW66579307,0
MX02999938,0
SN85521143,0
OV39926383,0
ZM84174013,0
RM94833568,0
JT24332646,0
GA65164218,0
IH80130076,0
KT23369069,1
XQ91895870,0
EA88138785,0
ZV69512002,1
FY97509304,0
RB20518136,0
RS85263233,0
UL68110275,0
UH84728123,0
AN82663413,1
DQ50364399,1
DV32331902,0
KW45364022,0
QZ90846158,0
WN15956377,0
PF97782229,0
XV76430196,0
MU85431350,0
HF82268101,0
GG54326320,0
AR54148088,0
TE05075048,0
WH75014599,0
XD74075404,0
VF20908114,0
NN12378463,0
BE14652636,1
FH01814752,1
XW67158117,0
WE42259184,0
ES88210554,0
YN35915679,0
IK56975669,0
IP92913068,1
EE85402832,0
SV46616794,0
CJ51182474,0
EQ71824774,0
WG03903048,0
EF96383034,1
YY28353707,1
OJ64655918,0
JC69222838,0
ZZ87497675,0
BA01720470,0
EI19812734,0
VQ16268629,0
OY95808511,0
PJ36941487,0
WP04943416,0
JX44652795,0
JY54174523,0
OV38222087,1
RM16950935,0
DM26503922,0
AE75644332,0
KA06135647,0
TL56088434,0
GG07269629,1
MZ36582141,1
OJ70362112,0
TP74273907,0
RV58680487,0
TC30517877,1
OS57620726,0
BH02789162,0
ME15334131,0
OH24220646,0
TN76938228,0
JL40402123,0
GM04376191,0
TZ71215382,1
CH77410417,0
FC24876299,0
KP28690740,0
SJ35130960,0
PP15439233,0
VQ71643770,0
CF84963886,0
VU59281982,1
FD95468006,0
GX61958413,0
KS54081219,1
HB98524306,0
YG89314839,1
KW69684010,0
IF53196611,1
VK38759392,0
UY89015218,0
LP23027095,0
ZJ60512585,0
HM07962875,0
GD98326126,0
ZB45735120,1
ND44842105,0
KT97427712,0
EL24745569,0
